#    time[fs]          Re(autocorrel)      Im(autocorrel)      Abs(autocorrel)
     0.00000000        0.01000000000000    0.00000000000000    0.01000000000000
     0.01000000        0.00975327483259   -0.00220628572144    0.00999970332783
     0.07582120       -0.00115491094049   -0.00991593062459    0.00998296045430
     0.14164239       -0.00994023838467    0.00009298511341    0.00994067328582
     0.20746359       -0.00095994685468    0.00982642128254    0.00987319873120
     0.27328478        0.00957763974564    0.00198464165242    0.00978110349530
     0.33910598        0.00296261530425   -0.00919989899342    0.00966515550471
     0.40492717       -0.00870188302999   -0.00387657830560    0.00952631238345
     0.47074837       -0.00471083611094    0.00809472020466    0.00936570723736
     0.53656957        0.00739168745048    0.00545164404169    0.00918463206247
     0.60239076        0.00608750712231   -0.00660786207543    0.00898451913973
     0.66821196       -0.00575973145500   -0.00660941708010    0.00876692081477
     0.73403315       -0.00701102069737    0.00486477211111    0.00853348808589
     0.79985435        0.00394101042804    0.00728871581964    0.00828594843656
     0.86567554        0.00744167352751   -0.00300657762866    0.00802608334913
     0.93149674       -0.00207927160757   -0.00747178720218    0.00775570592614
     0.99731794       -0.00738355137988    0.00117613779650    0.00747663902404
     1.06313913        0.00031308044165    0.00718387533108    0.00719069427354
     1.12896033        0.00688183814939    0.00049548546594    0.00689965232178
     1.19478152        0.00123693280468   -0.00648839373658    0.00660524458625
     1.26060272       -0.00601603537507   -0.00190066436487    0.00630913676044
     1.32642391       -0.00247829307642    0.00547843055096    0.00601291425802
     1.39224511        0.00489003730371    0.00296375717437    0.00571806972853
     1.45806631        0.00335336910355   -0.00426571362050    0.00542599272362
     1.52388750       -0.00362033126476   -0.00364579899833    0.00513796154159
     1.58970870       -0.00384199552528    0.00296840494222    0.00485513722950
     1.65552989        0.00232374688929    0.00394504868464    0.00457855967851
     1.72135109        0.00396000077420   -0.00169915585391    0.00430914570971
     1.78717228       -0.00110614807241   -0.00389361307854    0.00404768901517
     1.85299348       -0.00375409691995    0.00055473628159    0.00379486179280
     1.91881468        0.00005326109969    0.00355081846703    0.00355121789398
     1.98463587        0.00329398712853    0.00039172267400    0.00331719728932
     2.05045707        0.00077550409232   -0.00299433745786    0.00309313165073
     2.11627826       -0.00266281426805   -0.00109521943425    0.00287925084619
     2.18209946       -0.00134980358236    0.00231027012489    0.00267569014666
     2.24792065        0.00194718357748    0.00153989356733    0.00248249795229
     2.31374185        0.00166768974457   -0.00158340543833    0.00229964385641
     2.37956304       -0.00122793918350   -0.00173678113412    0.00212702687952
     2.44538424       -0.00175194225837    0.00088876015781    0.00196448372219
     2.51120544        0.00057267679411    0.00171890933664    0.00181179690310
     2.57702663        0.00164414393428   -0.00028523554242    0.00166870266713
     2.64284783       -0.00003066971001   -0.00153459212181    0.00153489856714
     2.70866902       -0.00139744688991   -0.00018810901400    0.00141005064138
     2.77449022       -0.00036947888864    0.00123992101244    0.00129380012607
     2.84031141        0.00106903678203    0.00051304000227    0.00118576965945
     2.90613261        0.00061951437178   -0.00089143809956    0.00108556894862
     2.97195381       -0.00071322932011   -0.00069061968353    0.00099279988434
     3.03777500       -0.00072892262889    0.00053984409023    0.00090706110084
     3.10359620        0.00037594619952    0.00073767807998    0.00082795198811
     3.16941739        0.00072066041113   -0.00022536325941    0.00075507617288
     3.23523859       -0.00009105285660   -0.00068199310802    0.00068804449135
     3.30105978       -0.00062598243843   -0.00002490025235    0.00062647748226
     3.36688098       -0.00012125830135    0.00055696040979    0.00057000743304
     3.43270218        0.00047914154095    0.00019757924220    0.00051828001429
     3.49852337        0.00025414389926   -0.00039649716130    0.00047095553978
     3.56434457       -0.00031265005791   -0.00029186587794    0.00042770988931
     3.63016576       -0.00031218883255    0.00023079135723    0.00038823513203
     3.69598696        0.00015362058984    0.00031697579085    0.00035223988646
     3.76180815        0.00030839514651   -0.00008330898020    0.00031944945230
     3.82762935       -0.00002148515939   -0.00028880768107    0.00028960574704
     3.89345055       -0.00026065858314   -0.00003075825322    0.00026246707814
     3.95927174       -0.00007283939293    0.00022637792019    0.00023780777933
     4.02509294        0.00018829241350    0.00010464591900    0.00021541773684
     4.09091413        0.00012648087968   -0.00014855070078    0.00019510182887
     4.15673533       -0.00010906357187   -0.00013899896421    0.00017667929918
     4.22255652       -0.00014313651069    0.00007145996187    0.00015998308299
     4.28837772        0.00003705881012    0.00014003857961    0.00014485910115
     4.35419892        0.00013098621881   -0.00000685626677    0.00013116553630
     4.42002011        0.00001847282556   -0.00011732675350    0.00011877210266
     4.48584131       -0.00010040955355   -0.00003856071436    0.00010755931915
     4.55166250       -0.00005332168942    0.00008152928299    0.00009741779380
     4.61748370        0.00006187814521    0.00006291836772    0.00008824752603
     4.68330489        0.00006772162239   -0.00004250812605    0.00007995723182
     4.74912609       -0.00002430372885   -0.00006826650666    0.00007246369551
     4.81494729       -0.00006520646293    0.00000796520993    0.00006569115144
     4.88076848       -0.00000599811939    0.00005926795498    0.00005957069686
     4.94658968        0.00005120743263    0.00001726534382    0.00005403973773
     5.01241087        0.00002569328384   -0.00004177224816    0.00004904146767
     5.07823207       -0.00003166681007   -0.00003129909847    0.00004452438012
     5.14405326       -0.00003423768300    0.00002152490023    0.00004044181335
     5.20987446        0.00001188871317    0.00003477546935    0.00003675152745
     5.27569566        0.00003326223436   -0.00000319481771    0.00003341531228
     5.34151685        0.00000423309337   -0.00003010244738    0.00003039862526
     5.40733805       -0.00002572755220   -0.00001018509698    0.00002767025736
     5.47315924       -0.00001456025852    0.00002057039113    0.00002520202609
     5.53898044        0.00001504275373    0.00001735705233    0.00002296849375
     5.60480163        0.00001865999690   -0.00000951678269    0.00002094670946
     5.67062283       -0.00000431070886   -0.00001862359330    0.00001911597338
     5.73644403       -0.00001745467256   -0.00000032087132    0.00001745762162
     5.80226522       -0.00000419220674    0.00001539422007    0.00001595483027
     5.86808642        0.00001269965942    0.00000718734126    0.00001459243721
     5.93390761        0.00000925723907   -0.00000962845269    0.00001335678017
     5.99972881       -0.00000642371868   -0.00001041366980    0.00001223554986
     6.06555000       -0.00001072054187    0.00000330239439    0.00001121765692
     6.13137120        0.00000044627987    0.00001028343211    0.00001029311137
     6.19719239        0.00000923807595    0.00000200387870    0.00000945291368
     6.26301359        0.00000395128853   -0.00000773855805    0.00000868895631
     6.32883479       -0.00000594588266   -0.00000534317067    0.00000799393479
     6.39465598       -0.00000616829380    0.00000401751310    0.00000736126754
     6.46047718        0.00000209835692    0.00000645239821    0.00000678502354
     6.52629837        0.00000625199970   -0.00000031354613    0.00000625985715
     6.59211957        0.00000123677275   -0.00000564710275    0.00000578094943
     6.65794076       -0.00000473335983   -0.00000248055706    0.00000534395533
     6.72376196       -0.00000337493893    0.00000361419118    0.00000494495608
     6.78958316        0.00000239333059    0.00000390540446    0.00000458041650
     6.85540435        0.00000408332947   -0.00000116819238    0.00000424714645
     6.92122555       -0.00000002436918   -0.00000394219100    0.00000394226632
     6.98704674       -0.00000353281971   -0.00000096852602    0.00000366317591
     7.05286794       -0.00000175955918    0.00000291807957    0.00000340752650
     7.11868913        0.00000216735868    0.00000231769879    0.00000317319576
     7.18451033        0.00000263163640   -0.00000135123008    0.00000295826518
     7.25033153       -0.00000053659793   -0.00000270835422    0.00000276099980
     7.31615272       -0.00000257065247   -0.00000021741386    0.00000257983001
     7.38197392       -0.00000086264228    0.00000225389332    0.00000241333520
     7.44779511        0.00000180224355    0.00000136402105    0.00000226022903
     7.51361631        0.00000170063249   -0.00000126470454    0.00000211934623
     7.57943750       -0.00000069120610   -0.00000186570755    0.00000198963075
     7.64525870       -0.00000186566967    0.00000012901340    0.00000187012507
     7.71107990       -0.00000038034517    0.00000171837099    0.00000175996060
     7.77690109        0.00000145070854    0.00000080347144    0.00000165834907
     7.84272229        0.00000111671131   -0.00000109583304    0.00000156457477
     7.90854348       -0.00000069017213   -0.00000130694671    0.00000147798758
     7.97436468       -0.00000137158035    0.00000027048482    0.00000139799667
     8.04018587       -0.00000012885501    0.00000131778004    0.00000132406489
     8.10600707        0.00000116109325    0.00000047817796    0.00000125570367
     8.17182827        0.00000075431246   -0.00000092357656    0.00000119246842
     8.23764946       -0.00000063160659   -0.00000094176741    0.00000113395447
     8.30347066       -0.00000103326687    0.00000031354922    0.00000107979328
     8.36929185       -0.00000000253914    0.00000102964605    0.00000102964918
     8.43511305        0.00000093916082    0.00000029101759    0.00000098321630
     8.50093424        0.00000053043777   -0.00000077629997    0.00000094021586
     8.56675544       -0.00000056021823   -0.00000070488614    0.00000090039377
     8.63257664       -0.00000080482331    0.00000031292720    0.00000086351838
     8.69839783        0.00000005739011    0.00000082739051    0.00000082937849
     8.76421903        0.00000077619333    0.00000018433500    0.00000079778160
     8.83004022        0.00000039277082   -0.00000066060855    0.00000076855226
     8.89586142       -0.00000049469173   -0.00000055240182    0.00000074153064
     8.96168261       -0.00000065267440    0.00000029578773    0.00000071657118
     9.02750381        0.00000008296249    0.00000068856154    0.00000069354147
     9.09332501        0.00000066067094    0.00000012461792    0.00000067232114
     9.15914620        0.00000030923717   -0.00000057490994    0.00000065280094
     9.22496740       -0.00000044175200   -0.00000045599361    0.00000063488188
     9.29078859       -0.00000055388472    0.00000027517697    0.00000061847445
     9.35660979        0.00000009137857    0.00000059653982    0.00000060349797
     9.42243098        0.00000058255785    0.00000009265364    0.00000058987994
     9.48825218        0.00000026056473   -0.00000051543811    0.00000057755555
     9.55407338       -0.00000040312211   -0.00000039796689    0.00000056646719
     9.61989457       -0.00000049357375    0.00000025719346    0.00000055656403
     9.68571577        0.00000009180679    0.00000054005387    0.00000054780167
     9.75153696        0.00000053454374    0.00000007756419    0.00000054014185
     9.81735816        0.00000023545807   -0.00000047878743    0.00000053355216
     9.88317935       -0.00000037889898   -0.00000036773060    0.00000052800590
     9.94900055       -0.00000046273087    0.00000024477212    0.00000052348185
    10.01482174        0.00000008918858    0.00000051225793    0.00000051996422
    10.08064294        0.00000051222424    0.00000007330148    0.00000051744254
    10.14646414        0.00000022763638   -0.00000046297570    0.00000051591164
    10.21228533       -0.00000036924440   -0.00000035953661    0.00000051537171
    10.27810653       -0.00000045673227    0.00000023973840    0.00000051582833
    10.34392772        0.00000008640105    0.00000051002597    0.00000051729260
    10.40974892        0.00000051410568    0.00000007660245    0.00000051978129
    10.47557011        0.00000023409167   -0.00000046804044    0.00000052331708
    10.54139131       -0.00000037541602   -0.00000037117605    0.00000052792883
    10.60721251       -0.00000047455457    0.00000024409487    0.00000053365189
    10.67303370        0.00000008561376    0.00000053370531    0.00000054052852
    10.73885490        0.00000054186701    0.00000008573938    0.00000054860833
    10.80467609        0.00000025410184   -0.00000049672846    0.00000055794884
    10.87049729       -0.00000040076305   -0.00000040337730    0.00000056861610
    10.93631848       -0.00000051863782    0.00000026117113    0.00000058068541
    11.00213968        0.00000008942258    0.00000058747534    0.00000059424210
    11.06796088        0.00000060119170    0.00000009957713    0.00000060938253
    11.13378207        0.00000028864418   -0.00000055572461    0.00000062621506
    11.19960327       -0.00000045222426   -0.00000045971661    0.00000064486133
    11.26542446       -0.00000059539483    0.00000029721838    0.00000066545756
    11.33124566        0.00000010233323    0.00000068050474    0.00000068815608
    11.39706685        0.00000070355845    0.00000011642927    0.00000071312710
    11.46288805        0.00000033982372   -0.00000065798926    0.00000074056061
    11.52870925       -0.00000054304901   -0.00000054683441    0.00000077066861
    11.59453044       -0.00000071639174    0.00000036427542    0.00000080368757
    11.66035164        0.00000013346506    0.00000082920902    0.00000083988126
    11.72617283        0.00000086960080    0.00000013187820    0.00000087954387
    11.79199403        0.00000040961140   -0.00000082713610    0.00000092300359
    11.85781522       -0.00000069798304   -0.00000067448924    0.00000097062664
    11.92363642       -0.00000090008226    0.00000048581505    0.00000102282175
    11.98945762        0.00000020217268    0.00000106095436    0.00000108004534
    12.05527881        0.00000113494857    0.00000013379122    0.00000114280722
    12.12110001        0.00000049621468   -0.00000110541055    0.00000121167714
    12.18692120       -0.00000096317015   -0.00000085406340    0.00000128729213
    12.25274240       -0.00000117323779    0.00000070810497    0.00000137036476
    12.31856359        0.00000035012601    0.00000141913948    0.00000146169254
    12.38438479        0.00000155954217    0.00000009054561    0.00000156216845
    12.45020599        0.00000058390130   -0.00000156757627    0.00000167279290
    12.51602718       -0.00000142461014   -0.00000109150717    0.00000179468714
    12.58184838       -0.00000156868841    0.00000112279841    0.00000192910850
    12.64766957        0.00000066706970    0.00000196745754    0.00000207746749
    12.71349077        0.00000224004662   -0.00000007634394    0.00000224134719
    12.77931196        0.00000061619643   -0.00000234284647    0.00000242252505
    12.84513316       -0.00000224050691   -0.00000136390786    0.00000262299749
    12.91095436       -0.00000210862398    0.00000190991452    0.00000284500766
    12.97677555        0.00000134374346    0.00000278372206    0.00000309107667
    13.04259675        0.00000331822976   -0.00000055327094    0.00000336403886
    13.10841794        0.00000042983383   -0.00000364180293    0.00000366708136
    13.17423914       -0.00000369032680   -0.00000155300105    0.00000400378872
    13.24006033       -0.00000274372770    0.00000341182247    0.00000437819303
    13.30588153        0.00000277228385    0.00000391213992    0.00000479483018
    13.37170273        0.00000495517693   -0.00000176103123    0.00000525880304
    13.43752392       -0.00000039515091   -0.00000576231947    0.00000577585231
    13.50334512       -0.00000622267526   -0.00000127740092    0.00000635243579
    13.56916631       -0.00000317641579    0.00000623312439    0.00000699581710
    13.63498751        0.00000570712341    0.00000519009449    0.00000771416479
    13.70080870        0.00000717798406   -0.00000458367659    0.00000851666286
    13.76662990       -0.00000283591225   -0.00000897630799    0.00000941363391
    13.83245109       -0.00001040567278    0.00000047865745    0.00001041667600
    13.89827229       -0.00000242560910    0.00001128098685    0.00001153881467
    13.96409349        0.00001142327259    0.00000576302477    0.00001279467120
    14.02991468        0.00000936737114   -0.00001067289951    0.00001420064879
    14.09573588       -0.00000890362330   -0.00001302230637    0.00001577513775
    14.16155707       -0.00001646711286    0.00000603669141    0.00001753874137
    14.22737827        0.00000205417990    0.00001940610687    0.00001951452379
    14.29319946        0.00002152166542    0.00000298933431    0.00002172828116
    14.35902066        0.00000895767910   -0.00002249061585    0.00002420883756
    14.42484186       -0.00002200351388   -0.00001562745392    0.00002698836674
    14.49066305       -0.00002268665967    0.00001978611804    0.00003010274064
    14.55648425        0.00001562216275    0.00002973826078    0.00003359190562
    14.62230544        0.00003630916587   -0.00000937635219    0.00003750028675
    14.68812664       -0.00000101635261   -0.00004186488513    0.00004187722030
    14.75394783       -0.00004582985642   -0.00000936753548    0.00004677741400
    14.81976903       -0.00002154638391    0.00004761313742    0.00005226143429
    14.88559023        0.00004663885036    0.00003514165631    0.00005839621881
    14.95141142        0.00004962048101   -0.00004238045217    0.00006525561173
    15.01723262       -0.00003439760240   -0.00006429825313    0.00007292091885
    15.08305381       -0.00007834940724    0.00002237412838    0.00008148147787
    15.14887501        0.00000615535943    0.00009082690251    0.00009103523862
    15.21469620        0.00010069060591    0.00001421706806    0.00010168934626
    15.28051740        0.00003847492885   -0.00010684435818    0.00011356071955
    15.34633860       -0.00010818107553   -0.00006609965835    0.00012677661431
    15.41215979       -0.00009630706287    0.00010363479527    0.00014147516089
    15.47798099        0.00009223813544    0.00012804224567    0.00015780586270
    15.54380218        0.00015998623291   -0.00007318322637    0.00017593004105
    15.60962338       -0.00004588380807   -0.00019057542044    0.00019602120987
    15.67544457       -0.00021803451385    0.00001003589057    0.00021826536218
    15.74126577       -0.00003432583494    0.00024042311565    0.00024286114856
    15.80708697        0.00025569553865    0.00008677875351    0.00027001992620
    15.87290816        0.00014647316192   -0.00026177281704    0.00029996565620
    15.93872936       -0.00025662526736   -0.00021210595699    0.00033293462547
    16.00455055       -0.00028190968781    0.00023836334816    0.00036917496913
    16.07037175        0.00020533400479    0.00035365909021    0.00040894596906
    16.13619294        0.00042469670814   -0.00015621919287    0.00045251710479
    16.20201414       -0.00009013287534   -0.00049197858303    0.00050016683354
    16.26783534       -0.00055214027711    0.00000671250762    0.00055218107842
    16.33365653       -0.00009379911634    0.00060158271254    0.00060885140573
    16.39947773        0.00063657648188    0.00021048577169    0.00067047287594
    16.46529892        0.00034170740150   -0.00065338244810    0.00073734155704
    16.53112012       -0.00064838563608   -0.00048507099741    0.00080975169380
    16.59694131       -0.00063742583961    0.00061823865715    0.00088799253273
    16.66276251        0.00056001023757    0.00079488550227    0.00097234480916
    16.72858371        0.00095287821771   -0.00047133387298    0.00106307691049
    16.79440490       -0.00035055123350   -0.00110622626053    0.00116044073817
    16.86022610       -0.00124925399090    0.00019684472343    0.00126466729969
    16.92604729        0.00001035357490    0.00137592311741    0.00137596207126
    16.99186849        0.00147999264332    0.00020773196109    0.00149450018131
    17.05768968        0.00045510336406   -0.00155519988541    0.00162042147467
    17.12351088       -0.00159545794538   -0.00072829796099    0.00175382552594
    17.18933208       -0.00102269802700    0.00159506411042    0.00189476667977
    17.25515327        0.00154891290322    0.00133256749291    0.00204324920284
    17.32097447        0.00165112773587   -0.00145270692727    0.00219922263918
    17.38679566       -0.00130315829344   -0.00197067266211    0.00236257746518
    17.45261686       -0.00228272194464    0.00109817329138    0.00253314114380
    17.51843805        0.00083701310161    0.00257820989854    0.00271067467860
    17.58425925        0.00284770611152   -0.00052042373922    0.00289486976666
    17.65008044       -0.00015072907513   -0.00308166264751    0.00308534664619
    17.71590164       -0.00327068145736   -0.00026811831486    0.00328165272786
    17.78172284       -0.00073053259075    0.00340579460965    0.00348326209024
    17.84754403        0.00347874914203    0.00122933916783    0.00368957590825
    17.91336523        0.00175586961654   -0.00348228776506    0.00389992386964
    17.97918642       -0.00341041635874   -0.00230010664603    0.00411356661829
    18.04500762       -0.00285087721660    0.00325864920662    0.00432969924544
    18.11082881        0.00302422322594    0.00339609016470    0.00454745583015
    18.17665001        0.00392301311829   -0.00270627307469    0.00476591500985
    18.24247121       -0.00230595993764   -0.00441858198692    0.00498410654071
    18.30829240       -0.00486973498766    0.00182654799115    0.00520101878616
    18.37411360        0.00127342398901    0.00526376206536    0.00541560705152
    18.43993479        0.00558865972959   -0.00065405705643    0.00562680266281
    18.50575599        0.00002210242397   -0.00583348079851    0.00583352267020
    18.57157718       -0.00598866833843   -0.00074378405870    0.00603468004070
    18.63739838       -0.00149811612322    0.00604636323414    0.00622919419169
    18.70321958        0.00600067532335    0.00227089708438    0.00641600170699
    18.76904077        0.00304691358119   -0.00584790887061    0.00659406707050
    18.83486197       -0.00558673432274   -0.00381029684779    0.00676239324952
    18.90068316       -0.00454490815057    0.00521829974606    0.00692003196068
    18.96650436        0.00474627705323    0.00523474267344    0.00706609345559
    19.03232555        0.00586434046431   -0.00417684003211    0.00719975567191
    19.09814675       -0.00351857322956   -0.00641919258632    0.00732027260640
    19.16396795       -0.00688613052195    0.00278231285455    0.00742698178172
    19.22978914        0.00198092297681    0.00725368716544    0.00751931069541
    19.29561034        0.00751241840683   -0.00112901233896    0.00759678215962
    19.36143153       -0.00024259900324   -0.00765517534126    0.00765901846073
    19.42725273       -0.00767731850187   -0.00066126824884    0.00770574429086
    19.49307392       -0.00156492141056    0.00757686717092    0.00773678842589
    19.55889512        0.00735457872113    0.00245050616529    0.00775208414760
    19.62471632        0.00330042398500   -0.00701395501581    0.00775166842973
    19.69053751       -0.00656117508572   -0.00409777079196    0.00773567992932
    19.75635871       -0.00482675958050    0.00600495553016    0.00770435584375
    19.82217990        0.00535634228687    0.00547311481213    0.00765802771220
    19.88800110        0.00602442720356   -0.00462843950634    0.00759711625519
    19.95382229       -0.00383608318185   -0.00647045869582    0.00752212535872
    20.01964349       -0.00680338888751    0.00299546886365    0.00743363531980
    20.08546469        0.00212374416786    0.00701799598693    0.00733229547708
    20.15128588        0.00711176732741   -0.00123857783276    0.00721881635498
    20.21710708       -0.00035771774320   -0.00708493663253    0.00709396145117
    20.28292827       -0.00694044744194   -0.00050144938349    0.00695853879622
    20.34874947       -0.00132232408659    0.00668384433970    0.00681339241107
    20.41457066        0.00632309579344    0.00208949398941    0.00665939378208
    20.48039186        0.00278909623175   -0.00586835444169    0.00649743346586
    20.54621306       -0.00533166249366   -0.00340913262156    0.00632841292724
    20.61203425       -0.00393972916849    0.00472661147144    0.00615323670299
    20.67785545        0.00406796678003    0.00437333345590    0.00597280497253
    20.74367664        0.00470484528699   -0.00337126849821    0.00578800660517
    20.80949784       -0.00265242031643   -0.00493167813654    0.00559971274062
    20.87531903       -0.00505375108158    0.00192727869470    0.00540877094741
    20.94114023        0.00121125407435    0.00507341300125    0.00521599999174
    21.00696143        0.00499530285797   -0.00051893536606    0.00502218523722
    21.07278262        0.00013625201970   -0.00482615173355    0.00482807468543
    21.13860382       -0.00457453393671   -0.00074234559869    0.00463437565655
    21.20442501       -0.00128909521779    0.00425057587156    0.00444175210029
    21.27024621        0.00386563242029    0.00176815668962    0.00425082251897
    21.33606740        0.00217322577761   -0.00343194131895    0.00406215847761
    21.40188860       -0.00296226637564   -0.00250011059887    0.00387628366955
    21.46770979       -0.00274674246831    0.00246954039236    0.00369367350164
    21.53353099        0.00196651831379    0.00291312710805    0.00351475515878
    21.59935219        0.00300123992805   -0.00146545045798    0.00333990810510
    21.66517338       -0.00097778471803   -0.00301487069161    0.00316946497724
    21.73099458       -0.00295942426309    0.00051390540009    0.00300371282403
    21.79681577        0.00008291493113    0.00284168525525    0.00284289464731
    21.86263697        0.00266955521988    0.00030753691586    0.00268721119873
    21.92845816        0.00065137331254   -0.00245177154008    0.00253682298890
    21.99427936       -0.00219761737756   -0.00094415893084    0.00239185246719
    22.06010056       -0.00118311720387    0.00191663190835    0.00225238633236
    22.12592175        0.00161832966100    0.00136709834251    0.00211847793705
    22.19174295        0.00149650163422   -0.00131193707688    0.00199014975188
    22.25756414       -0.00100615347797   -0.00157315684812    0.00186739585787
    22.32338534       -0.00160017065060    0.00070894249380    0.00175018443901
    22.38920653        0.00042735871413    0.00158174477084    0.00163846024993
    22.45502773        0.00152297322613   -0.00016741294702    0.00153214703679
    22.52084893        0.00006602197301   -0.00142962621457    0.00143114989233
    22.58667012       -0.00130792830843   -0.00026926431423    0.00133535752925
    22.65249132       -0.00043983638056    0.00116433834716    0.00124464445860
    22.71831251        0.00100533795360    0.00057643939344    0.00115887306261
    22.78413371        0.00067889360798   -0.00083723490964    0.00107789555378
    22.84995490       -0.00066598676147   -0.00074804791470    0.00100155581429
    22.91577610       -0.00078566394519    0.00049704902033    0.00092969111182
    22.98159730        0.00033525122383    0.00079428025008    0.00086213368960
    23.04741849        0.00077706244239   -0.00018470297107    0.00079871223034
    23.11323969       -0.00004873088455   -0.00073764529880    0.00073925319475
    23.17906088       -0.00067997269308   -0.00007015367303    0.00068358203690
    23.24488208       -0.00017025735051    0.00060814091755    0.00063152429961
    23.31070327        0.00052625045043    0.00025068019551    0.00058290659371
    23.37652447        0.00031126665115   -0.00043827057990    0.00053755746607
    23.44234567       -0.00034792053005   -0.00035253578487    0.00049530816150
    23.50816686       -0.00037559484746    0.00025856988588    0.00045599328430
    23.57398806        0.00017316022058    0.00038204055536    0.00041945136539
    23.63980925        0.00037385260303   -0.00009414892386    0.00038552534114
    23.70563045       -0.00002347535081   -0.00035328385274    0.00035406295020
    23.77145164       -0.00032275142765   -0.00003745141286    0.00032491705461
    23.83727284       -0.00008774461228    0.00028473257131    0.00029794589131
    23.90309404        0.00024166865365    0.00012701378710    0.00027301326024
    23.96891523        0.00015532322116   -0.00019588012797    0.00024998865487
    24.03473643       -0.00014949460306   -0.00017313783420    0.00022874734092
    24.10055762       -0.00018125970299    0.00010438951863    0.00020917038875
    24.16637882        0.00006215022987    0.00018075849006    0.00019114466459
    24.23220001        0.00017289901451   -0.00002404364537    0.00017456278555
    24.29802121        0.00000899305373   -0.00015906903233    0.00015932304310
    24.36384241       -0.00014071001843   -0.00003634963453    0.00014532929923
    24.42966360       -0.00005772745978    0.00011925337829    0.00013249085948
    24.49548480        0.00009606408497    0.00007311341649    0.00012072232640
    24.56130599        0.00008274524408   -0.00007239325876    0.00010994343696
    24.62712719       -0.00004934070684   -0.00008707053628    0.00010007888708
    24.69294838       -0.00008670174016    0.00002782793915    0.00009105814595
    24.75876958        0.00000858169664    0.00008236942551    0.00008281526294
    24.82459078        0.00007487595629    0.00000787241290    0.00007528866923
    24.89041197        0.00002120696279   -0.00006505147757    0.00006842097636
    24.95623317       -0.00005371385039   -0.00003128155021    0.00006215877337
    25.02205436       -0.00003812478883    0.00004163384075    0.00005645242438
    25.08787556        0.00002950651535    0.00004191097147    0.00005125586773
    25.15369675        0.00004293300640   -0.00001792943228    0.00004652641809
    25.21951795       -0.00000738785807   -0.00004157323750    0.00004222457251
    25.28533914       -0.00003827369282   -0.00000175309370    0.00003831382126
    25.35116034       -0.00000924980689    0.00003350717756    0.00003476046425
    25.41698154        0.00002775044710    0.00001497565068    0.00003153343349
    25.48280273        0.00001891147253   -0.00002146047554    0.00002860412215
    25.54862393       -0.00001505458865   -0.00002113210169    0.00002594622056
    25.61444512       -0.00002178995272    0.00000889497138    0.00002353555938
    25.68026632        0.00000327780087    0.00002109684374    0.00002134996006
    25.74608751        0.00001930511468    0.00000157299050    0.00001936909270
    25.81190871        0.00000550754098   -0.00001668905235    0.00001757434141
    25.87772991       -0.00001352751003   -0.00000844788545    0.00001594867695
    25.94355110       -0.00001038234675    0.00001008845829    0.00001447653669
    26.00937230        0.00000661603094    0.00001135716920    0.00001314371171
    26.07519349        0.00001146613949   -0.00000332044624    0.00001193724080
    26.14101469       -0.00000037099752   -0.00001083896386    0.00001084531128
    26.20683588       -0.00000962915422   -0.00000210786985    0.00000985716624
    26.27265708       -0.00000403754011    0.00000800212248    0.00000896301814
    26.33847828        0.00000612409831    0.00000538355082    0.00000815396833
    26.40429947        0.00000615165323   -0.00000415237783    0.00000742193230
    26.47012067       -0.00000222728655   -0.00000638208325    0.00000675957040
    26.53594186       -0.00000614256459    0.00000046610760    0.00000616022370
    26.60176306       -0.00000104090716    0.00000552057999    0.00000561785468
    26.66758425        0.00000461543176    0.00000223245215    0.00000512699258
    26.73340545        0.00000307613304   -0.00000353057014    0.00000468268299
    26.79922665       -0.00000236660430   -0.00000356670211    0.00000428044154
    26.86504784       -0.00000372286002    0.00000121532893    0.00000391621133
    26.93086904        0.00000015500766    0.00000358297244    0.00000358632387
    26.99669023        0.00000320007689    0.00000075294304    0.00000328746335
    27.06251143        0.00000146582195   -0.00000263655958    0.00000301663396
    27.12833262       -0.00000195886306   -0.00000196010623    0.00000277112991
    27.19415382       -0.00000223063210    0.00000123254805    0.00000254850824
    27.25997502        0.00000051797968    0.00000228868070    0.00000234656394
    27.32579621        0.00000215920536    0.00000013315586    0.00000216330725
    27.39161741        0.00000068036948   -0.00000187746620    0.00000199694315
    27.45743860       -0.00000148534956   -0.00000109585966    0.00000184585257
    27.52325980       -0.00000136498325    0.00000102764329    0.00000170857543
    27.58908099        0.00000054851635    0.00000148577829    0.00000158379523
    27.65490219        0.00000146766428   -0.00000008841556    0.00000147032505
    27.72072339        0.00000031845392   -0.00000132948699    0.00000136709493
    27.78654458       -0.00000109710270   -0.00000064595061    0.00000127314042
    27.85236578       -0.00000087706291    0.00000080070960    0.00000118759219
    27.91818697        0.00000047213314    0.00000100421641    0.00000110966675
    27.98400817        0.00000102886979   -0.00000014225752    0.00000103865791
    28.04982936        0.00000016122994   -0.00000096049107    0.00000097392925
    28.11565056       -0.00000081504003   -0.00000041565003    0.00000091490721
    28.18147176       -0.00000060460715    0.00000061310695    0.00000086107487
    28.24729295        0.00000037786942    0.00000071868226    0.00000081196643
    28.31311415        0.00000075554010   -0.00000013302974    0.00000076716214
    28.37893534        0.00000009911542   -0.00000071948892    0.00000072628381
    28.44475654       -0.00000062056667   -0.00000029934130    0.00000068899072
    28.51057773       -0.00000045279357    0.00000047325634    0.00000065497602
    28.57639893        0.00000029495245    0.00000054984849    0.00000062396338
    28.64222013        0.00000058650028   -0.00000010431122    0.00000059570413
    28.70804132        0.00000008038335   -0.00000056427785    0.00000056997454
    28.77386252       -0.00000048972698   -0.00000024271405    0.00000054657353
    28.83968371       -0.00000036937963    0.00000037352417    0.00000052532049
    28.90550491        0.00000022931197    0.00000045111651    0.00000050605344
    28.97132610        0.00000048323957   -0.00000007236135    0.00000048862731
    29.03714730        0.00000008182522   -0.00000046577979    0.00000047291245
    29.10296849       -0.00000040322781   -0.00000021885751    0.00000045879329
    29.16878969       -0.00000032664448    0.00000030392187    0.00000044616714
    29.23461089        0.00000017914421    0.00000039633688    0.00000043494318
    29.30043208        0.00000042296036   -0.00000004200957    0.00000042504149
    29.36625328        0.00000009375726   -0.00000040569950    0.00000041639226
    29.43207447       -0.00000034782204   -0.00000021505290    0.00000040893510
    29.49789567       -0.00000031053574    0.00000025625994    0.00000040261844
    29.56371686        0.00000014089114    0.00000037158532    0.00000039739899
    29.62953806        0.00000039300655   -0.00000001358715    0.00000039324135
    29.69535926        0.00000011289035   -0.00000037342675    0.00000039011764
    29.76118045       -0.00000031535774   -0.00000022605110    0.00000038800722
    29.82700165       -0.00000031479946    0.00000022492270    0.00000038689653
    29.89282284        0.00000011127364    0.00000037042696    0.00000038677895
    29.95864404        0.00000038739271    0.00000001425036    0.00000038765473
    30.02446523        0.00000013915343   -0.00000036382790    0.00000038953103
    30.09028643       -0.00000030172191   -0.00000025091614    0.00000039242199
    30.15610763       -0.00000033813780    0.00000020677352    0.00000039634891
    30.22192882        0.00000008791695    0.00000039159261    0.00000040134046
    30.28775002        0.00000040511045    0.00000004344138    0.00000040743297
    30.35357121        0.00000017441583   -0.00000037620615    0.00000041467089
    30.41939241       -0.00000030639996   -0.00000029178547    0.00000042310719
    30.48521360       -0.00000038319660    0.00000020119552    0.00000043280396
    30.55103480        0.00000006970857    0.00000043832468    0.00000044383309
    30.61685600        0.00000044989740    0.00000007603300    0.00000045627699
    30.68267719        0.00000022206973   -0.00000041448868    0.00000047022955
    30.74849839       -0.00000033300896   -0.00000035370023    0.00000048579710
    30.81431958       -0.00000045678899    0.00000021083887    0.00000050309961
    30.88014078        0.00000005757948    0.00000051908823    0.00000052227195
    30.94596197        0.00000053146472    0.00000011357789    0.00000054346544
    31.01178317        0.00000028682913   -0.00000048892473    0.00000056684949
    31.07760437       -0.00000039134138   -0.00000044501982    0.00000059261347
    31.14342556       -0.00000057110447    0.00000024380730    0.00000062096885
    31.20924676        0.00000005656084    0.00000064969422    0.00000065215160
    31.27506795        0.00000066857147    0.00000015553524    0.00000068642481
    31.34088915        0.00000037394982   -0.00000062004506    0.00000072408173
    31.40671034       -0.00000050202430   -0.00000057782685    0.00000076544907
    31.47253154       -0.00000074563507    0.00000031870394    0.00000081089078
    31.53835274        0.00000008077486    0.00000085701409    0.00000086081225
    31.60417393        0.00000089468354    0.00000019489399    0.00000091566496
    31.66999513        0.00000048612060   -0.00000084626739    0.00000097595171
    31.73581632       -0.00000070588063   -0.00000076679927    0.00000104223250
    31.80163752       -0.00000100875030    0.00000047533148    0.00000111513101
    31.86745871        0.00000016480933    0.00000118392573    0.00000119534190
    31.93327991        0.00000126683135    0.00000020704360    0.00000128363886
    31.99910111        0.00000061374158   -0.00000123699678    0.00000138088369
    32.06492230       -0.00000108130706   -0.00000102226564    0.00000148803629
    32.13074350       -0.00000139504454    0.00000079600228    0.00000160616590
    32.19656469        0.00000038815797    0.00000169252434    0.00000173646343
    32.26238589        0.00000187619372    0.00000012352059    0.00000188025535
    32.32820708        0.00000070872415   -0.00000191188605    0.00000203901893
    32.39402828       -0.00000177314202   -0.00000132647329    0.00000221439924
    32.45984948       -0.00000192699246    0.00000144438984    0.00000240822797
    32.52567067        0.00000092368877    0.00000245449328    0.00000262254422
    32.59149187        0.00000285076907   -0.00000022478502    0.00000285961756
    32.65731306        0.00000062174892   -0.00000305943556    0.00000312197337
    32.72313426       -0.00000303059076   -0.00000156848216    0.00000341242094
    32.78895545       -0.00000255233603    0.00000272561307    0.00000373408433
    32.85477665        0.00000212177708    0.00000349710334    0.00000409043638
    32.92059785        0.00000431726183   -0.00000121634257    0.00000448533599
    32.98641904       -0.00000002976901   -0.00000492297916    0.00000492306917
    33.05224024       -0.00000522611686   -0.00000139227394    0.00000540839386
    33.11806143       -0.00000297838830    0.00000514695296    0.00000594658908
    33.18388263        0.00000462126462    0.00000463264683    0.00000654350849
    33.24970382        0.00000623765003   -0.00000360734717    0.00000720563887
    33.31552502       -0.00000209250077   -0.00000765948038    0.00000794016367
    33.38134621       -0.00000875447805    0.00000009849468    0.00000875503211
    33.44716741       -0.00000231447521    0.00000937764049    0.00000965903394
    33.51298861        0.00000939232455    0.00000504578381    0.00001066188045
    33.57880980        0.00000795471160   -0.00000868081271    0.00001177429174
    33.64463100       -0.00000715520059   -0.00001086340323    0.00001300809076
    33.71045219       -0.00001356261393    0.00000476797947    0.00001437630428
    33.77627339        0.00000152163093    0.00001582026245    0.00001589327105
    33.84209458        0.00001739264735    0.00000252347235    0.00001757475731
    33.90791578        0.00000724355220   -0.00001803801271    0.00001943807992
    33.97373698       -0.00001753197733   -0.00001244893444    0.00002150223705
    34.03955817       -0.00001788512503    0.00001568417877    0.00002378804660
    34.10537937        0.00001235533848    0.00002323785960    0.00002631829226
    34.17120056        0.00002814236157   -0.00000747383768    0.00002911787706
    34.23702176       -0.00000105081303   -0.00003219684105    0.00003221398425
    34.30284295       -0.00003498004073   -0.00000680725475    0.00003563624512
    34.36866415       -0.00001588947166    0.00003607239595    0.00003941691336
    34.43448535        0.00003508013384    0.00002587592398    0.00004359104532
    34.50030654        0.00003633835356   -0.00003166140475    0.00004819668547
    34.56612774       -0.00002555332957   -0.00004674675343    0.00005327505616
    34.63194893       -0.00005648229249    0.00001659867187    0.00005887075057
    34.69777013        0.00000477071678    0.00006485670261    0.00006503192763
    34.76359132        0.00007113795314    0.00000980513175    0.00007181050749
    34.82941252        0.00002683452678   -0.00007458170546    0.00007926236570
    34.89523372       -0.00007446770073   -0.00004584355021    0.00008744752454
    34.96105491       -0.00006617555870    0.00007013990102    0.00009643033903
    35.02687611        0.00006104889501    0.00008699656233    0.00010627967557
    35.09269730        0.00010730990293   -0.00004679481116    0.00011706908054
    35.15851850       -0.00002716876926   -0.00012598064379    0.00012887693600
    35.22433969       -0.00014176967370    0.00000219076092    0.00014178659956
    35.29016089       -0.00002785820685    0.00015337708118    0.00015588652514
    35.35598209        0.00015949388575    0.00006241183374    0.00017127036107
    35.42180328        0.00010060410576   -0.00015886074253    0.00018803702192
    35.48762448       -0.00015033178459   -0.00014126648537    0.00020629073015
    35.55344567       -0.00018293812684    0.00013294135652    0.00022614102354
    35.61926687        0.00010597104407    0.00022389010103    0.00024770272409
    35.68508806        0.00026216410179   -0.00006901413888    0.00027109586429
    35.75090926       -0.00002203451192   -0.00029562552990    0.00029644556607
    35.81673046       -0.00032203022862   -0.00003458318023    0.00032388186812
    35.88255165       -0.00009999495461    0.00033910350195    0.00035353949706
    35.94837285        0.00034462940723    0.00017287341497    0.00038555757797
    36.01419404        0.00025140056247   -0.00033654770631    0.00042007927993
    36.08001524       -0.00031305531130   -0.00033327947411    0.00045725139233
    36.14583643       -0.00041576622625    0.00027270859936    0.00049722382793
    36.21165763        0.00021452262128    0.00049572274499    0.00054014904882
    36.27747883        0.00056969048803   -0.00013806301335    0.00058618141203
    36.34330002       -0.00004352635900   -0.00063398403057    0.00063547643146
    36.40912122       -0.00068480277010   -0.00006819515137    0.00068818995387
    36.47494241       -0.00019546863926    0.00071835811543    0.00074447724676
    36.54076361        0.00073101271773    0.00033589846600    0.00080449199682
    36.60658480        0.00048632998758   -0.00071942757158    0.00086838521842
    36.67240600       -0.00068071219486   -0.00064288118916    0.00093630407219
    36.73822720       -0.00080100335667    0.00061257261986    0.00100839059496
    36.80404839        0.00051345162119    0.00095557094202    0.00108478034299
    36.86986959        0.00110099970671   -0.00038265549095    0.00116560095184
    36.93569078       -0.00022046176455   -0.00123139112194    0.00125097061709
    37.00151198       -0.00134069990307    0.00002820260866    0.00134099650157
    37.06733317       -0.00019168089185    0.00142292050429    0.00143577307602
    37.13315437        0.00147228743888    0.00043561757847    0.00153538040152
    37.19897556        0.00069892130009   -0.00148348346202    0.00163988236340
    37.26479676       -0.00145184899564   -0.00097584424366    0.00174932486806
    37.33061796       -0.00125966930042    0.00137358572128    0.00186373401539
    37.39643915        0.00124594704438    0.00154284093035    0.00198311426140
    37.46226035        0.00181713261292   -0.00106740816182    0.00210744658695
    37.52808154       -0.00083780875494   -0.00207384759335    0.00223668669024
    37.59390274       -0.00230404830249    0.00055846188350    0.00237076322216
    37.65972393        0.00023222346509    0.00249880859402    0.00250957608518
    37.72554513        0.00264948185572    0.00013648222976    0.00265299481771
    37.79136633        0.00054168438117   -0.00274797715683    0.00280085708726
    37.85718752       -0.00278703493168   -0.00097593660820    0.00295296731673
    37.92300872       -0.00143043747048    0.00276049330359    0.00310909546912
    37.98882991        0.00266353604829    0.00189519917632    0.00326897601681
    38.05465111        0.00235926153186   -0.00249291339618    0.00343230712154
    38.12047230       -0.00224712738280   -0.00281094654188    0.00359875005187
    38.18629350       -0.00323814754250    0.00192657427031    0.00376792886425
    38.25211470        0.00153363766027    0.00362864536629    0.00393943037345
    38.31793589        0.00397044286404   -0.00107272727181    0.00411280443691
    38.38375709       -0.00055025992972   -0.00425210818341    0.00428756457604
    38.44957828       -0.00446311657155   -0.00002541895365    0.00446318895572
    38.51539948       -0.00064417326609    0.00459418015820    0.00463912174045
    38.58122067        0.00463755520739    0.00129427141051    0.00481477484267
    38.64704187        0.00196263491135   -0.00458731670774    0.00498953007531
    38.71286307       -0.00443959089967   -0.00263513465911    0.00516274171619
    38.77868426       -0.00329692736442    0.00419273739656    0.00533373948771
    38.84450546        0.00384747391713    0.00393282331890    0.00550183194951
    38.91032665        0.00452767534297   -0.00340693826894    0.00566631029681
    38.97614785       -0.00287668405796   -0.00506677788692    0.00582645255062
    39.04196904       -0.00553626467833    0.00226460858913    0.00598152812001
    39.10779024        0.00158081350269    0.00592349310245    0.00613080270968
    39.17361144        0.00621740367491   -0.00083740079266    0.00627354353969
    39.23943263       -0.00004820890668   -0.00640884352000    0.00640902483710
    39.30525383       -0.00649084368826   -0.00077150443974    0.00653653355273
    39.37107502       -0.00160542435258    0.00645884141019    0.00665537524966
    39.43689622        0.00631083994917    0.00243657586767    0.00676488010411
    39.50271741        0.00324774499029   -0.00604750053822    0.00686440895356
    39.56853861       -0.00567216290355   -0.00402191171711    0.00695335932227
    39.63435981       -0.00474268260587    0.00519079302771    0.00703117135025
    39.70018100        0.00461185901540    0.00539471036487    0.00709733354851
    39.76600220        0.00596408824149   -0.00394613812359    0.00715138830177
    39.83182339       -0.00320646013070   -0.00643870768682    0.00719293703894
    39.89764459       -0.00680856884185    0.00240739417686    0.00722164499245
    39.96346578        0.00156488794358    0.00706603479422    0.00723724546973
    40.02928698        0.00720602224878   -0.00069586949890    0.00723954356361
    40.09510818        0.00018217673646   -0.00722612318322    0.00722841923399
    40.16092937       -0.00712665415834   -0.00105164768039    0.00720382969928
    40.22675057       -0.00189526034099    0.00691063215225    0.00716581108485
    40.29257176        0.00658367801455    0.00269647905516    0.00711447928482
    40.35839296        0.00343991906410   -0.00615385081860    0.00705003000456
    40.42421415       -0.00563141845375   -0.00411171507989    0.00697273796291
    40.49003535       -0.00469984465555    0.00502857167910    0.00688295524598
    40.55585655        0.00435909049458    0.00519439764114    0.00678110881746
    40.62167774        0.00558778473982   -0.00363797302203    0.00666769720425
    40.68749894       -0.00288103808835   -0.00587488011037    0.00654328638971
    40.75332013       -0.00605309503081    0.00210451333421    0.00640850496028
    40.81914133        0.00132462092008    0.00612238177116    0.00626403856419
    40.88496252        0.00608516895096   -0.00055717276297    0.00611062375290
    40.95078372        0.00018281327776   -0.00594623170888    0.00594904128665
    41.01660491       -0.00571250192027   -0.00088146571475    0.00578010899511
    41.08242611       -0.00152637088316    0.00539282540447    0.00560467429170
    41.14824731        0.00499767451302    0.00210683562310    0.00542360644598
    41.21406850        0.00261409496923   -0.00453882564018    0.00523778872236
    41.27988970       -0.00402901201701   -0.00304146046155    0.00504811049526
    41.34571089       -0.00338440662512    0.00348156261830    0.00485545944987
    41.41153209        0.00291003812183    0.00364059512870    0.00466071397552
    41.47735328        0.00380983805612   -0.00232787461619    0.00446473585362
    41.54317448       -0.00174804517363   -0.00389400354808    0.00426836333523
    41.60899568       -0.00389686873614    0.00118274851695    0.00407240469515
    41.67481687        0.00064313285252    0.00382392634472    0.00387763233892
    41.74063807        0.00368215253779   -0.00013906156108    0.00368477752779
    41.80645926        0.00032107411166   -0.00347974450241    0.00349452577429
    41.87228046       -0.00322583686904   -0.00073049188521    0.00330751294783
    41.93810165       -0.00108410303090    0.00293020635842    0.00312432211600
    42.00392285        0.00260297401774    0.00137854465815    0.00294548113414
    42.06974405        0.00161216128722   -0.00225431407695    0.00277146098178
    42.13556524       -0.00189417784096   -0.00178493881983    0.00260267483249
    42.20138644       -0.00189839537842    0.00153204016799    0.00243947783125
    42.26720763        0.00117667500642    0.00195543463814    0.00228216754310
    42.33302883        0.00196016819192   -0.00083596521797    0.00213098502723
    42.39885002       -0.00051675055418   -0.00191771414628    0.00198611648251
    42.46467122       -0.00183397953231    0.00022471622623    0.00184769540435
    42.53049242       -0.00003567693091    0.00171543423040    0.00171580518773
    42.59631361        0.00156888395762    0.00026122110117    0.00159048210809
    42.66213481        0.00044995065524   -0.00140124946961    0.00147171861041
    42.72795600       -0.00121935851075   -0.00060109475256    0.00135946683641
    42.79377720       -0.00071499731442    0.00102975623849    0.00125364232153
    42.85959839        0.00083853888888    0.00079300914291    0.00115412779574
    42.92541959        0.00083735758714   -0.00065121438137    0.00106077702616
    42.99124079       -0.00047259242509   -0.00085099956294    0.00097341864394
    43.05706198       -0.00083746391228    0.00030670553169    0.00089185990354
    43.12288318        0.00015676120163    0.00080068904920    0.00081589032832
    43.18870437        0.00074486159392   -0.00002512447376    0.00074528520264
    43.25452557        0.00008667095390   -0.00067426126658    0.00067980887745
    43.32034676       -0.00059311672191   -0.00017788568032    0.00061921786237
    43.38616796       -0.00024851498872    0.00050547628849    0.00056326368412
    43.45198916        0.00041509676344    0.00029921055880    0.00051169549687
    43.51781035        0.00033118776032   -0.00032535254239    0.00046426243594
    43.58363155       -0.00023916647015   -0.00034612296858    0.00042071571140
    43.64945274       -0.00034604535095    0.00015896291565    0.00038081044296
    43.71527394        0.00008664273650    0.00033322741883    0.00034430724135
    43.78109513        0.00031007833697   -0.00002357903367    0.00031097354532
    43.84691633        0.00002936807126   -0.00027904355341    0.00028058472572
    43.91273753       -0.00024251378306   -0.00007181995544    0.00025292497103
    43.97855872       -0.00010383405236    0.00020274577384    0.00022778796992
    44.04437992        0.00016179663405    0.00012584747495    0.00020497740788
    44.11020111        0.00013861287905   -0.00012147283257    0.00018430729582
    44.17602231       -0.00008329432622   -0.00014312975486    0.00016560214826
    44.24184350       -0.00014057422280    0.00004847364699    0.00014869702945
    44.30766470        0.00001790921693    0.00013223018655    0.00013343748456
    44.37348590        0.00011942437893    0.00000780832985    0.00011967937290
    44.43930709        0.00002837843822   -0.00010346744430    0.00010728861909
    44.50512829       -0.00008560275669   -0.00004376345635    0.00009614089694
    44.57094948       -0.00005415411000    0.00006696419765    0.00008612125984
    44.63677068        0.00004854363395    0.00005992983680    0.00007712373005
    44.70259187        0.00006161618389   -0.00003116836346    0.00006905085805
    44.76841307       -0.00001548835659   -0.00005984137507    0.00006181326201
    44.83423426       -0.00005529397646    0.00000197272683    0.00005532915582
    44.90005546       -0.00000908547047    0.00004868334689    0.00004952387341
    44.96587666        0.00004070426677    0.00001755727691    0.00004432939550
    45.03169785        0.00002346006312   -0.00003200681338    0.00003968388419
    45.09751905       -0.00002317220878   -0.00002693542313    0.00003553122963
    45.16334024       -0.00002822423796    0.00001469502495    0.00003182061229
    45.22916144        0.00000697180454    0.00002764038226    0.00002850608339
    45.29498263        0.00002554445214   -0.00000029585803    0.00002554616541
    45.36080383        0.00000514226006   -0.00002231874304    0.00002290347418
    45.42662503       -0.00001834451539   -0.00000924930332    0.00002054436314
    45.49244622       -0.00001201977843    0.00001398236528    0.00001843859030
    45.55826742        0.00000955628018    0.00001352324839    0.00001655900775
    45.62408861        0.00001388950486   -0.00000534171861    0.00001488127357
    45.68990981       -0.00000155781907   -0.00001329261288    0.00001338358537
    45.75573100       -0.00001193477610   -0.00000163637200    0.00001204643490
    45.82155220       -0.00000414195158    0.00001003087468    0.00001085238267
    45.88737340        0.00000779439934    0.00000591694454    0.00000978585172
    45.95319459        0.00000697039153   -0.00000542535334    0.00000883293931
    46.01901579       -0.00000310052873   -0.00000735438663    0.00000798124558
    46.08483698       -0.00000715474735    0.00000096639385    0.00000721971792
    46.15065818       -0.00000086533599    0.00000648099577    0.00000653850996
    46.21647937        0.00000545629168    0.00000231952435    0.00000592885420
    46.28230057        0.00000335704847   -0.00000420789062    0.00000538294696
    46.34812177       -0.00000285860737   -0.00000397216333    0.00000489384487
    46.41394296       -0.00000418819529    0.00000151965725    0.00000445537181
    46.47976416        0.00000028512941    0.00000405201582    0.00000406203533
    46.54558535        0.00000362776627    0.00000077177411    0.00000370895180
    46.61140655        0.00000160071574   -0.00000299029707    0.00000339177939
    46.67722774       -0.00000221875153   -0.00000217450383    0.00000310665821
    46.74304894       -0.00000248785631    0.00000139067055    0.00000285015677
    46.80887014        0.00000057692365    0.00000255489631    0.00000261922432
    46.87469133        0.00000240567911    0.00000016230941    0.00000241114834
    46.94051253        0.00000078036916   -0.00000208207841    0.00000222351670
    47.00633372       -0.00000163336516   -0.00000124570871    0.00000205418400
    47.07215492       -0.00000154227913    0.00000111179804    0.00000190124165
    47.13797611        0.00000056851223    0.00000166881158    0.00000176299128
    47.20379731        0.00000163715946   -0.00000004994600    0.00000163792115
    47.26961851        0.00000040501237   -0.00000146990813    0.00000152468519
    47.33543970       -0.00000119748715   -0.00000076703889    0.00000142208444
    47.40126090       -0.00000101749615    0.00000085503035    0.00000132905053
    47.46708209        0.00000047922331    0.00000114867389    0.00000124463115
    47.53290329        0.00000116321543   -0.00000010535712    0.00000116797700
    47.59872448        0.00000023522578   -0.00000107284599    0.00000109833041
    47.66454568       -0.00000089655574   -0.00000051715002    0.00000103501514
    47.73036688       -0.00000072239478    0.00000065841478    0.00000097742736
    47.79618807        0.00000038520772    0.00000084100610    0.00000092502770
    47.86200927        0.00000087113952   -0.00000010407312    0.00000087733418
    47.92783046        0.00000015968182   -0.00000081848491    0.00000083391596
    47.99365166       -0.00000069516431   -0.00000038444571    0.00000079438777
    48.05947285       -0.00000055373451    0.00000051822414    0.00000075840502
    48.12529405        0.00000030786332    0.00000065711630    0.00000072565946
    48.19111525        0.00000069059686   -0.00000008554787    0.00000069587532
    48.25693644        0.00000012783904   -0.00000065647430    0.00000066880590
    48.32275764       -0.00000056270867   -0.00000031367485    0.00000064423052
    48.38857883       -0.00000045698701    0.00000042188511    0.00000062195190
    48.45440003        0.00000024987380    0.00000054746582    0.00000060179377
    48.52022122        0.00000058004493   -0.00000006430684    0.00000058359874
    48.58604242        0.00000011700100   -0.00000055502852    0.00000056722649
    48.65186361       -0.00000047777895   -0.00000027756282    0.00000055255212
    48.71768481       -0.00000040354761    0.00000035801043    0.00000053946468
    48.78350601        0.00000020876194    0.00000048483079    0.00000052786593
    48.84932720        0.00000051569710   -0.00000004514326    0.00000051766921
    48.91514840        0.00000011703827   -0.00000049515438    0.00000050879840
    48.98096959       -0.00000042684820   -0.00000026265790    0.00000050118715
    49.04679079       -0.00000037855131    0.00000031859726    0.00000049477803
    49.11261198        0.00000018159822    0.00000045459195    0.00000048952196
    49.17843318        0.00000048448805   -0.00000002937219    0.00000048537758
    49.24425438        0.00000012345684   -0.00000046624255    0.00000048231080
    49.31007557       -0.00000040224664   -0.00000026245066    0.00000048029440
    49.37589677       -0.00000037460809    0.00000029900605    0.00000047930767
    49.44171796        0.00000016652779    0.00000044947930    0.00000047933615
    49.50753916        0.00000048005544   -0.00000001742050    0.00000048037142
    49.57336035        0.00000013421642   -0.00000046336407    0.00000048241093
    49.63918155       -0.00000040072429   -0.00000027402454    0.00000048545793
    49.70500275       -0.00000038863916    0.00000029764203    0.00000048952138
    49.77082394        0.00000016335390    0.00000046686234    0.00000049461596
    49.83664514        0.00000050066117   -0.00000001005523    0.00000050076214
    49.90246633        0.00000014812732   -0.00000048590981    0.00000050798626
    49.96828753       -0.00000042281288   -0.00000029633820    0.00000051632070
    50.03410872       -0.00000042027535    0.00000031597232    0.00000052580403
    50.09992992        0.00000017408661    0.00000050745055    0.00000053648133
    50.16575112        0.00000054832555   -0.00000000930009    0.00000054840441
    50.23157231        0.00000016375269   -0.00000053722979    0.00000056163226
    50.29739351       -0.00000047298066   -0.00000032913813    0.00000057623139
    50.36321470       -0.00000047096064    0.00000035914811    0.00000059227636
    50.42903590        0.00000020393189    0.00000057474270    0.00000060985030
    50.49485709        0.00000062873859   -0.00000001964838    0.00000062904553
    50.56067829        0.00000017814576   -0.00000062507411    0.00000064996427
    50.62649949       -0.00000056061446   -0.00000037183712    0.00000067271941
    50.69232068       -0.00000054316434    0.00000043747984    0.00000069743538
    50.75814188        0.00000026315210    0.00000067475013    0.00000072424911
    50.82396307        0.00000075164030   -0.00000005014479    0.00000075331111
    50.88978427        0.00000018475879   -0.00000076272822    0.00000078478669
    50.95560546       -0.00000070194624   -0.00000042166178    0.00000081885724
    51.02142666       -0.00000063903476    0.00000056911708    0.00000085572172
    51.08724786        0.00000037037902    0.00000081542365    0.00000089559831
    51.15306905        0.00000093126425   -0.00000011812588    0.00000093872617
    51.21889025        0.00000016956377   -0.00000097066840    0.00000098536745
    51.28471144       -0.00000092304073   -0.00000046999689    0.00000103580947
    51.35053264       -0.00000075738624    0.00000078438937    0.00000109036719
    51.41635383        0.00000055820782    0.00000100473474    0.00000114938587
    51.48217503        0.00000118596482   -0.00000025582930    0.00000121324407
    51.54799623        0.00000010381286   -0.00000127814795    0.00000128235693
    51.61381742       -0.00000126367183   -0.00000049504602    0.00000135717981
    51.67963862       -0.00000088692374    0.00000113217534    0.00000143821233
    51.74545981        0.00000088208641    0.00000124523419    0.00000152600282
    51.81128101        0.00000153494529   -0.00000052161365    0.00000162115325
    51.87710220       -0.00000006907100   -0.00000172294075    0.00000172432469
    51.94292340       -0.00000178086812   -0.00000044754711    0.00000183624336
    52.00874460       -0.00000099177549    0.00000168789789    0.00000195770731
    52.07456579        0.00000143318168    0.00000152065531    0.00000208959381
    52.14038699        0.00000198740492   -0.00000101780120    0.00000223286757
    52.20620818       -0.00000045601731   -0.00000234465552    0.00000238858982
    52.27202938       -0.00000254807165   -0.00000022433939    0.00000255792832
    52.33785057       -0.00000098244911    0.00000256013321    0.00000274216854
    52.40367177        0.00000235382438    0.00000176611072    0.00000294272600
    52.46949296        0.00000251436701   -0.00000191595674    0.00000316115987
    52.53531416       -0.00000124985375   -0.00000316106719    0.00000339918817
    52.60113536       -0.00000363921473    0.00000037714032    0.00000365870451
    52.66695655       -0.00000066158310    0.00000388588068    0.00000394179665
    52.73277775        0.00000384740288    0.00000180734943    0.00000425076710
    52.79859894        0.00000298481590   -0.00000348454421    0.00000458815587
    52.86442014       -0.00000277725236   -0.00000410565413    0.00000495676573
    52.93024133       -0.00000507326680    0.00000172865335    0.00000535969014
    52.99606253        0.00000036792221    0.00000578866358    0.00000580034420
    53.06188373        0.00000615723673    0.00000124829002    0.00000628249888
    53.12770492        0.00000303613543   -0.00000609609100    0.00000681031892
    53.19352612       -0.00000554151034   -0.00000488673595    0.00000738840477
    53.25934731       -0.00000667031955    0.00000445608990    0.00000802183894
    53.32516851        0.00000283503144    0.00000824229270    0.00000871623728
    53.39098970        0.00000945109196   -0.00000071109746    0.00000947780560
    53.45681090        0.00000184225395   -0.00001014753010    0.00001031340229
    53.52263210       -0.00001019522905   -0.00000470997308    0.00001123060737
    53.58845329       -0.00000773709186    0.00000948162048    0.00001223779871
    53.65427449        0.00000792890193    0.00001073317993    0.00001334423610
    53.72009568        0.00001347965452   -0.00000550427042    0.00001456015380
    53.78591688       -0.00000222872078   -0.00001573985522    0.00001589686254
    53.85173807       -0.00001727162225   -0.00000181630085    0.00001736686166
    53.91755927       -0.00000648505465    0.00001784194196    0.00001898396235
    53.98338047        0.00001724305476    0.00001156705666    0.00002076342306
    54.04920166        0.00001679047496   -0.00001530926781    0.00002272209784
    54.11502286       -0.00001193358855   -0.00002182966225    0.00002487859903
    54.18084405       -0.00002631691728    0.00000708320336    0.00002725347510
    54.24666525        0.00000081277749    0.00002985834475    0.00002986940506
    54.31248644        0.00003205344387    0.00000672544586    0.00003275141045
    54.37830764        0.00001527571372   -0.00003251781204    0.00003592708630
    54.44412884       -0.00003090811260   -0.00002447785223    0.00003942685220
    54.50995003       -0.00003387206146    0.00002694823862    0.00004328422475
    54.57577123        0.00002045542032    0.00004290987978    0.00004753611262
    54.64159242        0.00005097151431   -0.00001136488401    0.00005222313530
    54.70741362        0.00000024841212   -0.00005738942914    0.00005738996676
    54.77323481       -0.00006147775274   -0.00001415245830    0.00006308570486
    54.83905601       -0.00002994672746    0.00006256672509    0.00006936426727
    54.90487721        0.00006004106682    0.00004705787116    0.00007628481463
    54.97069840        0.00006474367750   -0.00005338083665    0.00008391220113
    55.03651960       -0.00004220306409   -0.00008210611072    0.00009231745250
    55.10234079       -0.00009811390507    0.00002630222010    0.00010157827105
    55.16816199        0.00000568743313    0.00011163478230    0.00011177956662
    55.23398318        0.00012147691678    0.00001938571360    0.00012301401222
    55.29980438        0.00004839094692   -0.00012643880152    0.00013538262175
    55.36562558       -0.00012536619252   -0.00008051665201    0.00014899534716
    55.43144677       -0.00011466260080    0.00011721434784    0.00016397169074
    55.49726797        0.00010111335468    0.00014944953080    0.00018044132773
    55.56308916        0.00018324262231   -0.00007643397394    0.00019854473301
    55.62891036       -0.00004285114887   -0.00021418941590    0.00021843380426
    55.69473155       -0.00024027213611    0.00000040214009    0.00024027247264
    55.76055275       -0.00005046381839    0.00025937376243    0.00026423729033
    55.82637395        0.00026935653709    0.00010884738923    0.00029051798260
    55.89219514        0.00017337538048   -0.00026815094764    0.00031931795013
    55.95801634       -0.00025385259750   -0.00024219389562    0.00035085470544
    56.02383753       -0.00031298044332    0.00022482380924    0.00038536022512
    56.08965873        0.00017979632024    0.00038297647827    0.00042308119750
    56.15547992        0.00044904114848   -0.00011797105568    0.00046427914341
    56.22130112       -0.00003911072219   -0.00050772624184    0.00050923038523
    56.28712231       -0.00055537148004   -0.00005637912253    0.00055822583808
    56.35294351       -0.00016738479050    0.00058821843214    0.00061157059445
    56.41876471        0.00060254044642    0.00029203898650    0.00066958327279
    56.48458590        0.00042769871378   -0.00059478516191    0.00073259509867
    56.55040710       -0.00056172539721   -0.00057094954000    0.00080094868693
    56.61622829       -0.00071763843816    0.00050061355798    0.00087499649277
    56.68204949        0.00040933418875    0.00086293651624    0.00095509890019
    56.74787068        0.00100143193443   -0.00028654894887    0.00104162191768
    56.81369188       -0.00013182813933   -0.00112725221428    0.00113493445314
    56.87951308       -0.00123421400581   -0.00005423703406    0.00123540514326
    56.94533427       -0.00026994699652    0.00131599723876    0.00134339871720
    57.01115547        0.00136633948552    0.00051243617155    0.00145927187995
    57.07697666        0.00077764949177   -0.00137924534920    0.00158336870796
    57.14279786       -0.00134920480532   -0.00106035644407    0.00171601555796
    57.20861905       -0.00135420493901    0.00127141370763    0.00185751550001
    57.27444025        0.00114198915523    0.00165181604737    0.00200814229700
    57.34026145        0.00194491929083   -0.00095817213725    0.00216813396551
    57.40608264       -0.00071850984636   -0.00222452675439    0.00233768596700
    57.47190384       -0.00248114285297    0.00042301029606    0.00251694409302
    57.53772503        0.00007326239257    0.00270500518627    0.00270599712415
    57.60354623        0.00288635060628    0.00032748460417    0.00290486935823
    57.66936742        0.00077428726255   -0.00301569945187    0.00311351312009
    57.73518862       -0.00308414992316   -0.00126052357822    0.00333180138060
    57.80100982       -0.00177796031594    0.00308367381794    0.00355952062791
    57.86683101        0.00300740436910    0.00231687282765    0.00379636414728
    57.93265221        0.00286621639155   -0.00284990673420    0.00404192587720
    57.99847340       -0.00260742181402   -0.00341384638974    0.00429569501815
    58.06429460       -0.00394678293434    0.00227807452287    0.00455705157559
    58.13011579        0.00186203839680    0.00445151392465    0.00482526302003
    58.19593699        0.00491432903057   -0.00136164949000    0.00509948224375
    58.26175819       -0.00078146384877   -0.00532167580585    0.00537874698508
    58.32757938       -0.00566052809061    0.00012825442843    0.00566198087801
    58.39340058       -0.00058905491482    0.00591875610840    0.00594799626458
    58.45922177        0.00608548723532    0.00135951882327    0.00623549888317
    58.52504297        0.00217036171836   -0.00615144633860    0.00652309451450
    58.59086416       -0.00610926486509   -0.00300722746751    0.00680929763141
    58.65668536       -0.00385448201533    0.00595374850276    0.00709254205773
    58.72250656        0.00568209423052    0.00469556175542    0.00737119359693
    58.78832775        0.00551335880633   -0.00529404888621    0.00764356454391
    58.85414895       -0.00479200298351   -0.00629063298889    0.00790792994372
    58.91997014       -0.00701043923541    0.00418101534680    0.00816254541204
    58.98579134        0.00346876615332    0.00765655843312    0.00840566628330
    59.05161253        0.00821391934758   -0.00266543810821    0.00863556780746
    59.11743373       -0.00178352766248   -0.00866899930316    0.00885056607461
    59.18325493       -0.00901019172313    0.00083759034378    0.00904903931208
    59.24907612       -0.00015607366670    0.00922812944227    0.00922944917060
    59.31489732        0.00931595387919    0.00117978568081    0.00939036159750
    59.38071851        0.00221489667659   -0.00926952165814    0.00953046688567
    59.44653971       -0.00908754205607   -0.00324222642314    0.00964859848889
    59.51236090       -0.00424252144125    0.00877164066254    0.00974375020679
    59.57818210        0.00832634681473    0.00519691901572    0.00981509136662
    59.64400330        0.00608740420565   -0.00775900463513    0.00986197966389
    59.70982449       -0.00707960978361   -0.00689724693854    0.00988397136881
    59.77564569       -0.00761140681930    0.00630057626150    0.00988082865937
    59.84146688        0.00543643970194    0.00821689422084    0.00985252390351
    59.90728808        0.00870307751758   -0.00450350547749    0.00979924077992
    59.97310927       -0.00351945159184   -0.00906192793546    0.00972137219814
    60.03893047       -0.00928819536884    0.00250289764355    0.00961951505139
    60.10475166        0.00147295211398    0.00937951059368    0.00949446190719
    60.17057286        0.00933641151960   -0.00044875080805    0.00934718981037
    60.23639406        0.00055100055111   -0.00916229339756    0.00917884643680
    60.30221525       -0.00886328516025   -0.00150846680805    0.00899073389345
    60.36803645       -0.00240709480808    0.00844805624556    0.00878429050882
    60.43385764        0.00792756026925    0.00323198465004    0.00856107099613
    60.49967884        0.00397021097310   -0.00731472370647    0.00832272539934
    60.56550003       -0.00662408925790   -0.00461108612328    0.00807097724771
    60.63132123       -0.00514635890890    0.00587142476786    0.00780760134893
    60.69714243        0.00507330939434    0.00557034468575    0.00753440164371
    60.76296362        0.00587998464405   -0.00424670918366    0.00725318952633
    60.82878482       -0.00340855426467   -0.00607483432792    0.00696576300824
    60.89460601       -0.00615698353391    0.00257532955549    0.00667388706499
    60.96042721        0.00176269018658    0.00613091173883    0.00637927546381
    61.02624840        0.00600328503546   -0.00098511181724    0.00608357432020
    61.09206960       -0.00025558469955   -0.00578270215091    0.00578834757982
    61.15789080       -0.00547939843969   -0.00041464122561    0.00549506456804
    61.22371199       -0.00101625467423    0.00510491774409    0.00520508969537
    61.28953319        0.00467176267396    0.00154202116479    0.00491967435451
    61.35535438        0.00198685926711   -0.00419303416295    0.00463995099532
    61.42117558       -0.00368207110806   -0.00234785519738    0.00436692931849
    61.48699677       -0.00262421787185    0.00315210050638    0.00410149448875
    61.55281797        0.00261590778949    0.00281717827208    0.00384440723387
    61.61863917        0.00292983853010   -0.00208553605690    0.00359630566792
    61.68446036       -0.00157202166614   -0.00296697746842    0.00335770865575
    61.75028156       -0.00293482038878    0.00108517220057    0.00312902052075
    61.81610275        0.00063339125929    0.00284078167003    0.00291053688932
    61.88192395        0.00269318919298   -0.00022355285682    0.00270245146283
    61.94774514        0.00013907345936   -0.00250099975576    0.00250486351033
    62.01356634       -0.00227351448259   -0.00045084730815    0.00231778588265
    62.07938754       -0.00070973407954    0.00202010278088    0.00214115335952
    62.14520873        0.00174994269238    0.00091523694661    0.00197483115608
    62.21102993        0.00106828901874   -0.00147178454865    0.00181862343139
    62.27685112       -0.00119374372234   -0.00117111138540    0.00167228166038
    62.34267232       -0.00122704357318    0.00092312700877    0.00153551274980
    62.40849351        0.00066629582828    0.00124035345510    0.00140798679836
    62.47431471        0.00121603390359   -0.00042856805840    0.00128934442077
    62.54013591       -0.00021415893660   -0.00115959347106    0.00117920357371
    62.60595710       -0.00107684812865    0.00002616016605    0.00107716583981
    62.67177830       -0.00013344484816    0.00097372061375    0.00098282214115
    62.73759949        0.00085605326107    0.00026373276976    0.00089575786886
    62.80342069        0.00036476314044   -0.00072943935278    0.00081555742778
    62.86924188       -0.00059907706041   -0.00043747695966    0.00074180820604
    62.93506308       -0.00048357626005    0.00046964900545    0.00067410398871
    63.00088428        0.00034522937925    0.00050539018220    0.00061204784172
    63.06670547        0.00050573311997   -0.00022921947776    0.00055525449806
    63.13252667       -0.00012431146169   -0.00048776037215    0.00050335228235
    63.19834786       -0.00045482641682    0.00003247918413    0.00045598461250
    63.26416906       -0.00004500593355    0.00041035044253    0.00041281111872
    63.32999025        0.00035769315454    0.00010753672611    0.00037350842061
    63.39581145        0.00015511313518   -0.00030004815468    0.00033777060238
    63.46163265       -0.00024035040516   -0.00018826982739    0.00030530942528
    63.52745384       -0.00020799256728    0.00018120346225    0.00027585431440
    63.59327504        0.00012482633986    0.00021562741267    0.00024915215476
    63.65909623        0.00021278672191   -0.00007302006676    0.00022496692906
    63.72491743       -0.00002715326329   -0.00020125573959    0.00020307922697
    63.79073862       -0.00018290317892   -0.00001183459225    0.00018328565255
    63.85655982       -0.00004341409032    0.00015959876605    0.00016539815405
    63.92238101        0.00013314018117    0.00006743332915    0.00014924329708
    63.98820221        0.00008407449635   -0.00010519124767    0.00013466149978
    64.05402341       -0.00007723261304   -0.00009380240557    0.00012150624596
    64.11984460       -0.00009730785673    0.00005052555742    0.00010964328950
    64.18566580        0.00002608898448    0.00009544862501    0.00009894986169
    64.25148699        0.00008919071273   -0.00000468911410    0.00008931389046
    64.31730819        0.00001315907294   -0.00007955223495    0.00008063323933
    64.38312938       -0.00006755197185   -0.00002717997813    0.00007281497176
    64.44895058       -0.00003731675669    0.00005416422851    0.00006577464541
    64.51477178        0.00004028121623    0.00004370376291    0.00005943563976
    64.58059297        0.00004663402497   -0.00002668373036    0.00005372851897
    64.64641417       -0.00001402046616   -0.00004652372055    0.00004859043162
    64.71223536       -0.00004387555537    0.00000279590618    0.00004396454765
    64.77805656       -0.00000663365600    0.00003924280066    0.00003979953260
    64.84387775        0.00003319553638    0.00001405670603    0.00003604905852
    64.90969895        0.00001939671658   -0.00002629038867    0.00003267135061
    64.97552015       -0.00001904475835   -0.00002269716062    0.00002962876846
    65.04134134       -0.00002410263224    0.00001191622779    0.00002688742022
    65.10716254        0.00000528752226    0.00002383742082    0.00002441680821
    65.17298373        0.00002218286189    0.00000054289781    0.00002218950427
    65.23880493        0.00000536481134   -0.00001945470694    0.00002018085288
    65.30462612       -0.00001598162205   -0.00000905521465    0.00001836870043
    65.37044732       -0.00001157293542    0.00001208575324    0.00001673314870
    65.43626852        0.00000806609644    0.00001294966098    0.00001525633086
    65.50208971        0.00001327825461   -0.00000418519263    0.00001392220826
    65.56791091       -0.00000065944783   -0.00001269927598    0.00001271638635
    65.63373210       -0.00001138661605   -0.00000234683741    0.00001162594817
    65.69955330       -0.00000472384272    0.00000953310538    0.00001063930394
    65.76537449        0.00000733686567    0.00000641529402    0.00000974605536
    65.83119569        0.00000741465043   -0.00000498905434    0.00000893687329
    65.89701689       -0.00000266351070   -0.00000775894831    0.00000820338760
    65.96283808       -0.00000752090686    0.00000050865741    0.00000753808811
    66.02865928       -0.00000135814694    0.00000679993085    0.00000693423555
    66.09448047        0.00000571263950    0.00000285376175    0.00000638578157
    66.16030167        0.00000393002382   -0.00000438351203    0.00000588729692
    66.22612286       -0.00000293617331   -0.00000457233340    0.00000543390710
    66.29194406       -0.00000479638746    0.00000148575378    0.00000502123460
    66.35776526        0.00000013265355    0.00000464345272    0.00000464534715
    66.42358645        0.00000417461487    0.00000104207281    0.00000430271136
    66.48940765        0.00000197960897   -0.00000346445596    0.00000399015122
    66.55522884       -0.00000259460064   -0.00000264455514    0.00000370481097
    66.62105004       -0.00000302449980    0.00000164753631    0.00000344412179
    66.68687123        0.00000070105730    0.00000312817729    0.00000320577206
    66.75269243        0.00000298246935    0.00000017638782    0.00000298768072
    66.81851363        0.00000092924704   -0.00000262855399    0.00000278797348
    66.88433482       -0.00000211752835   -0.00000151720066    0.00000260496145
    66.95015602       -0.00000191625339    0.00000150583433    0.00000243712210
    67.01597721        0.00000085079800    0.00000211863331    0.00000228308220
    67.08179841        0.00000213161795   -0.00000020655871    0.00000214160258
    67.14761960        0.00000037938452   -0.00000197546418    0.00000201156440
    67.21344080       -0.00000168065968   -0.00000086884083    0.00000189195702
    67.27926200       -0.00000123470531    0.00000128473841    0.00000178186700
    67.34508319        0.00000082890978    0.00000146180790    0.00000168046832
    67.41090439        0.00000154685799   -0.00000035474302    0.00000158701363
    67.47672558        0.00000009887536   -0.00000149756586    0.00000150082639
    67.54254678       -0.00000133106932   -0.00000049832780    0.00000142129382
    67.60836797       -0.00000081725705    0.00000107182984    0.00000134786064
    67.67418917        0.00000074918504    0.00000103787358    0.00000128002336
    67.74001037        0.00000115154275   -0.00000039475323    0.00000121732527
    67.80583156       -0.00000003988177   -0.00000115866573    0.00000115935190
    67.87165276       -0.00000106791534   -0.00000028668592    0.00000110572690
    67.93747395       -0.00000056077641    0.00000089492727    0.00000105610843
    68.00329515        0.00000066057776    0.00000076427252    0.00000101018585
    68.06911634        0.00000088604667   -0.00000038899836    0.00000096767682
    68.13493754       -0.00000010548747   -0.00000092231175    0.00000092832461
    68.20075873       -0.00000087640148   -0.00000016552480    0.00000089189574
    68.26657993       -0.00000040231452    0.00000075803185    0.00000085817787
    68.33240113        0.00000058212853    0.00000058738298    0.00000082697786
    68.39822232        0.00000070856452   -0.00000036733086    0.00000079812006
    68.46404352       -0.00000013430041   -0.00000075966468    0.00000077144477
    68.52986471       -0.00000074060686   -0.00000009603086    0.00000074680683
    68.59568591       -0.00000030413998    0.00000065710170    0.00000072407443
    68.66150710        0.00000051988729    0.00000047339843    0.00000070312791
    68.72732830        0.00000059126171   -0.00000034361681    0.00000068385885
    68.79314950       -0.00000014549290   -0.00000065008699    0.00000066616911
    68.85897069       -0.00000064753252   -0.00000005623797    0.00000064997006
    68.92479189       -0.00000024381141    0.00000058652535    0.00000063518186
    68.99061308        0.00000047481564    0.00000040137490    0.00000062173282
    69.05643428        0.00000051621554   -0.00000032416589    0.00000060955887
    69.12225547       -0.00000014924880   -0.00000057969850    0.00000059860300
    69.18807667       -0.00000058785243   -0.00000003365296    0.00000058881491
    69.25389787       -0.00000020803949    0.00000054156647    0.00000058015056
    69.31971906        0.00000044639302    0.00000035856917    0.00000057257190
    69.38554026        0.00000047231039   -0.00000031198011    0.00000056604655
    69.45136145       -0.00000015118488   -0.00000053977475    0.00000056054763
    69.51718265       -0.00000055565467   -0.00000002105774    0.00000055605354
    69.58300384       -0.00000018901889    0.00000051921185    0.00000055254781
    69.64882504        0.00000043429010    0.00000033751013    0.00000055001907
    69.71464624        0.00000045316267   -0.00000030895466    0.00000054846093
    69.78046743       -0.00000015478865   -0.00000052555133    0.00000054787200
    69.84628863       -0.00000054807468   -0.00000001409676    0.00000054825594
    69.91210982       -0.00000018226007    0.00000051852198    0.00000054962148
    69.97793102        0.00000043928120    0.00000033424069    0.00000055198262
    70.04375221        0.00000045588019   -0.00000031716957    0.00000055535870
    70.10957341       -0.00000016289723   -0.00000053554850    0.00000055977469
    70.17539461       -0.00000056517650   -0.00000000979745    0.00000056526142
    70.24121580       -0.00000018527650    0.00000054100996    0.00000057185588
    70.30703700        0.00000046401989    0.00000034730912    0.00000057960166
    70.37285819        0.00000048045592   -0.00000033992998    0.00000058854930
    70.43867939       -0.00000017885014   -0.00000057142142    0.00000059875689
    70.50450058       -0.00000061026612   -0.00000000546450    0.00000061029059
    70.57032178       -0.00000019668041    0.00000059137688    0.00000062322532
    70.63614298        0.00000051411056    0.00000037720308    0.00000063764554
    70.70196417        0.00000052964829   -0.00000038304815    0.00000065364608
    70.76778537       -0.00000020782452   -0.00000063835505    0.00000067133315
    70.83360656       -0.00000069082079    0.00000000253053    0.00000069082542
    70.89942776       -0.00000021528331    0.00000067894087    0.00000071225529
    70.96524895        0.00000059994407    0.00000042594014    0.00000073577027
    71.03107015        0.00000060921717   -0.00000045693473    0.00000076153457
    71.09689135       -0.00000025897759   -0.00000074605998    0.00000078973089
    71.16271254       -0.00000082030146    0.00000002069378    0.00000082056244
    71.22853374       -0.00000023862847    0.00000082024892    0.00000085425514
    71.29435493        0.00000074000545    0.00000049636705    0.00000089106022
    71.36017613        0.00000072826591   -0.00000058040372    0.00000093125706
    71.42599732       -0.00000034945273   -0.00000091039154    0.00000097515638
    71.49181852       -0.00000102120970    0.00000006222835    0.00000102310392
    71.55763972       -0.00000025982399    0.00000104362746    0.00000107548444
    71.62346091        0.00000096683792    0.00000059016393    0.00000113272637
    71.68928211        0.00000089895351   -0.00000078780793    0.00000119530697
    71.75510330       -0.00000051226386   -0.00000115527935    0.00000126375814
    71.82092450       -0.00000132966263    0.00000015505701    0.00000133867300
    71.88674569       -0.00000026017319    0.00000139668756    0.00000142071328
    71.95256689        0.00000133755624    0.00000070207485    0.00000151061769
    72.01838808        0.00000113338328   -0.00000114236740    0.00000160921127
    72.08420928       -0.00000081191870   -0.00000151337569    0.00000171741607
    72.15003048       -0.00000180085779    0.00000035884973    0.00000183626303
    72.21585167       -0.00000019202642    0.00000195750944    0.00000196690553
    72.28167287        0.00000195137453    0.00000080431071    0.00000211063457
    72.34749406        0.00000143157660   -0.00000176024919    0.00000226889594
    72.41331526       -0.00000137470576   -0.00000201988752    0.00000244330954
    72.47913645       -0.00000251119187    0.00000080048959    0.00000263569122
    72.54495765        0.00000006004306    0.00000284744437    0.00000284807735
    72.61077885        0.00000297523582    0.00000080705333    0.00000308275254
    72.67660004        0.00000174487968   -0.00000285065538    0.00000334228084
    72.74242124       -0.00000244406368   -0.00000268330396    0.00000362954094
    72.80824243       -0.00000354144496    0.00000174442595    0.00000394776573
    72.87406363        0.00000076284590    0.00000423238865    0.00000430058688
    72.93988482        0.00000466898202    0.00000046504600    0.00000469208492
    73.00570602        0.00000187815879   -0.00000477043653    0.00000512684554
    73.07152722       -0.00000446938926   -0.00000339071028    0.00000561002287
    73.13734841       -0.00000489486503    0.00000371899868    0.00000614741041
    73.20316961        0.00000249960036    0.00000626530499    0.00000674552063
    73.26899080        0.00000736568017   -0.00000082441970    0.00000741167405
    73.33481200        0.00000125616110   -0.00000805676044    0.00000815409894
    73.40063319       -0.00000820598145   -0.00000365225421    0.00000898204278
    73.46645439       -0.00000623444537    0.00000769795277    0.00000990589653
    73.53227559        0.00000644538494    0.00000883641732    0.00001093733322
    73.59809678        0.00001126041109   -0.00000439979960    0.00001208946212
    73.66391798       -0.00000156132191   -0.00001328557116    0.00001337699993
    73.72973917       -0.00001467905391   -0.00000201317736    0.00001481646067
    73.79556037       -0.00000620431577    0.00001520960078    0.00001642636570
    73.86138156        0.00001466309685    0.00001082748643    0.00001822747574
    73.92720276        0.00001563378339   -0.00001285946113    0.00002024304631
    73.99302396       -0.00000967005828   -0.00002031501555    0.00002249910851
    74.05884515       -0.00002451308495    0.00000503469119    0.00002502477671
    74.12466635       -0.00000102285903    0.00002783379654    0.00002785258462
    74.19048754        0.00002986493128    0.00000838182724    0.00003101885149
    74.25630874        0.00001681506980   -0.00003019816244    0.00003456407944
    74.32212993       -0.00002845413691   -0.00002598429732    0.00003853338312
    74.38795113       -0.00003544082967    0.00002430979304    0.00004297695249
    74.45377233        0.00001752675670    0.00004463258826    0.00004795054886
    74.51959352        0.00005291780520   -0.00000797946114    0.00005351603411
    74.58541472        0.00000431851207   -0.00005958564364    0.00005974193229
    74.65123591       -0.00006388359926   -0.00001919146376    0.00006670402188
    74.71705711       -0.00003628359298    0.00006505119962    0.00007448595634
    74.78287830        0.00006235915247    0.00005504755605    0.00008317990937
    74.84869950        0.00007474099060   -0.00005515273083    0.00009288724022
    74.91452070       -0.00004289784008   -0.00009443220912    0.00010371917278
    74.98034189       -0.00011301596921    0.00002522790796    0.00011579748114
    75.04616309        0.00000198949024    0.00012923985996    0.00012925517194
    75.11198428        0.00014174141276    0.00002671569090    0.00014423715274
    75.17780548        0.00006049464786   -0.00014909556841    0.00016090087303
    75.24362667       -0.00014987162445   -0.00009863533008    0.00017941692272
    75.30944787       -0.00014008937447    0.00014269827061    0.00019996957087
    75.37526907        0.00012633481607    0.00018346742346    0.00022275722485
    75.44109026        0.00022704869459   -0.00009974624436    0.00024799278815
    75.50691146       -0.00006217932321   -0.00026880604516    0.00027590389296
    75.57273265       -0.00030644724247    0.00001323667027    0.00030673298136
    75.63855385       -0.00004705454860    0.00033747253823    0.00034073720754
    75.70437504        0.00035924797673    0.00011818271475    0.00037818813155
    75.77019624        0.00019910404216   -0.00036909316234    0.00041937117461
    75.83601743       -0.00036438150090   -0.00028821027511    0.00046458480483
    75.90183863       -0.00038331469999    0.00034265024020    0.00051413942305
    75.96765983        0.00030171699707    0.00048165890845    0.00056835591877
    76.03348102        0.00057994214797   -0.00023979890287    0.00062756386831
    76.09930222       -0.00015563005341   -0.00067437437437    0.00069209935004
    76.16512341       -0.00076075329747    0.00004857264002    0.00076230235535
    76.23094461       -0.00008128301331    0.00083456481427    0.00083851377894
    76.29676580        0.00089110528224    0.00023303425834    0.00092107197851
    76.36258700        0.00040490231973   -0.00092562313439    0.00101030890100
    76.42840820       -0.00093347641381   -0.00059419302568    0.00110654578166
    76.49422939       -0.00079728563235    0.00091030194582    0.00121008843153
    76.56005059        0.00085219110925    0.00100965254275    0.00132122214020
    76.62587178        0.00122591180428   -0.00075586654882    0.00144020623228
    76.69169298       -0.00061885372133   -0.00143991322108    0.00156726832822
    76.75751417       -0.00164485777095    0.00043964091553    0.00170259837344
    76.82333537        0.00021782135120    0.00183344880777    0.00184634251204
    76.88915657        0.00199807230293    0.00004578884055    0.00199859689424
    76.95497776        0.00034906251980   -0.00213100217656    0.00215940151876
    77.02079896       -0.00222462563846   -0.00068850841989    0.00232873422175
    77.08662015       -0.00105925721729    0.00227168244449    0.00250650493336
    77.15244135        0.00226551112049    0.00145508990914    0.00269255033021
    77.21826254        0.00186851035973   -0.00220029455179    0.00288662901653
    77.28408374       -0.00207129691523   -0.00229086248676    0.00308841736886
    77.34990494       -0.00271249107838    0.00187508376910    0.00329750617762
    77.41572613        0.00160971723219    0.00312294371436    0.00351339821408
    77.48154733        0.00351120975968   -0.00127491858397    0.00373550684275
    77.54736852       -0.00087219130274   -0.00386599096260    0.00396315578694
    77.61318972       -0.00417599687452    0.00040489851422    0.00419558013901
    77.67901091       -0.00012170997283    0.00443025716812    0.00443192868773
    77.74483211        0.00461844201000    0.00070052444778    0.00467126761186
    77.81065331        0.00132265770613   -0.00473118098510    0.00491258556377
    77.87647450       -0.00476037070555   -0.00197758317593    0.00515480013890
    77.94229570       -0.00265332706694    0.00469946118924    0.00539676569747
    78.00811689        0.00454371137588    0.00333671104950    0.00563728247431
    78.07393809        0.00401364022589   -0.00429040476164    0.00587510688257
    78.13975928       -0.00393901706760   -0.00466942952640    0.00610896288750
    78.20558048       -0.00528916020618    0.00349132908816    0.00633755429866
    78.27140168        0.00295147936244    0.00585805689115    0.00655957780401
    78.33722287        0.00636187467092   -0.00232595302755    0.00677373654750
    78.40304407       -0.00162350509760   -0.00678728510296    0.00697875403427
    78.46886526       -0.00712224970517    0.00085501840487    0.00717338813501
    78.53468646        0.00003329847551    0.00735636959112    0.00735644495322
    78.60050765        0.00748120034980    0.00082719037656    0.00752679231765
    78.66632885        0.00171064153560   -0.00749052208164    0.00768337266562
    78.73215005       -0.00738055565614   -0.00260026718881    0.00782521509267
    78.79797124       -0.00347869455150    0.00715011772036    0.00795144635885
    78.86379244        0.00680070871850    0.00432838645331    0.00806130066200
    78.92961363        0.00513207458926   -0.00633653012800    0.00815412801302
    78.99543483       -0.00576442921403   -0.00587319316130    0.00822940107623
    79.06125602       -0.00653630044275    0.00509377178584    0.00828672036961
    79.12707722        0.00433624563170    0.00710747599899    0.00832581775291
    79.19289842        0.00757468189214   -0.00350559944381    0.00834655816655
    79.25871961       -0.00261732404673   -0.00792807716879    0.00834893961889
    79.32454081       -0.00816027624918    0.00168828454734    0.00833309145370
    79.39036200        0.00073631356811    0.00826654346366    0.00829927096239
    79.45618320        0.00824491786381    0.00022022304260    0.00824785843534
    79.52200439        0.00116287575284   -0.00809626451331    0.00817935077411
    79.58782559       -0.00782425066693   -0.00207356337962    0.00809435380918
    79.65364678       -0.00293501475970    0.00743524750485    0.00799357348737
    79.71946798        0.00693816032807    0.00373118752269    0.00787780610751
    79.78528918        0.00444765214188   -0.00634419226626    0.00774792779305
    79.85111037       -0.00566654853080   -0.00507193052107    0.00760488339571
    79.91693157       -0.00559377979367    0.00492008999906    0.00744967502506
    79.98275276        0.00412094638324    0.00600541371535    0.00728335039567
    80.04857396        0.00630165596642   -0.00328610037247    0.00710699117609
    80.11439515       -0.00243295490462   -0.00648002177992    0.00692170151308
    80.18021635       -0.00654072650546    0.00157889610159    0.00672859689080
    80.24603755        0.00074086437982    0.00648662193489    0.00652879346859
    80.31185874        0.00632306338019    0.00006505416863    0.00632339802280
    80.37767994        0.00082400482276   -0.00605771253610    0.00611349859883
    80.44350113       -0.00570028301449   -0.00152269954490    0.00590015595974
    80.50932233       -0.00214970183982    0.00526223704506    0.00568439589741
    80.57514352        0.00475644314876    0.00269565413757    0.00546720245252
    80.64096472        0.00315344256439   -0.00419680556741    0.00524951207042
    80.70678592       -0.00359787684887   -0.00351829598003    0.00503220870222
    80.77260711       -0.00378781823164    0.00297446522785    0.00481611984357
    80.83842831        0.00234124830700    0.00396195463357    0.00460201348906
    80.90424950        0.00404289566210   -0.00171240404434    0.00439059596703
    80.97007070       -0.00110126921469   -0.00403492268904    0.00418251060845
    81.03589189       -0.00394420221165    0.00052003437077    0.00397833719450
    81.10171309       -0.00002051707044    0.00377853641808    0.00377859212048
    81.16753429        0.00354707901825    0.00051121959607    0.00358372920812
    81.23335548        0.00094468195203   -0.00326002604070    0.00339414109555
    81.29917668       -0.00292829172930   -0.00131538665037    0.00321016113176
    81.36499787       -0.00161973205012    0.00256317976579    0.00303206570277
    81.43081907        0.00217605980030    0.00185601824346    0.00286007691759
    81.49664026        0.00202437968629   -0.00177805871319    0.00269436558430
    81.56246146       -0.00137977518438   -0.00212666906278    0.00253505441007
    81.62828266       -0.00216629821803    0.00099102505100    0.00238222136275
    81.69410385        0.00062062363550    0.00214804309511    0.00223590313641
    81.75992505        0.00207782044142   -0.00027620977564    0.00209609866822
    81.82574624        0.00003588525893   -0.00196244458821    0.00196277265968
    81.89156744       -0.00180937284710   -0.00031072236584    0.00183585906007
    81.95738863       -0.00054479269817    0.00162644801312    0.00171526447621
    82.02320983        0.00142164612828    0.00073601071556    0.00160087147750
    82.08903103        0.00088366505495   -0.00120283706602    0.00149254177052
    82.15485222       -0.00097756467742   -0.00098833129794    0.00139011922259
    82.22067342       -0.00105175173541    0.00075285223189    0.00129343271800
    82.28649461        0.00053503773334    0.00107668802948    0.00120229883512
    82.35231581        0.00106675322983   -0.00032964244322    0.00111652433638
    82.41813700       -0.00014127464348   -0.00102622990910    0.00103590846663
    82.48395820       -0.00095988123949   -0.00002643062582    0.00096024505826
    82.54977940       -0.00017083637300    0.00087276165204    0.00088932444451
    82.61560059        0.00077003331825    0.00029029468873    0.00082293518428
    82.68142179        0.00038410673102   -0.00065679409727    0.00076086560379
    82.74724298       -0.00053792183211   -0.00045245526820    0.00070290516230
    82.81306418       -0.00049631409071    0.00041793899131    0.00064884564966
    82.87888537        0.00030090067785    0.00051733911120    0.00059848222522
    82.94470657        0.00051774627741   -0.00019030800427    0.00055161430752
    83.01052777       -0.00008904780333   -0.00050018152442    0.00050804632530
    83.07634896       -0.00046758790023   -0.00000064135552    0.00046758834008
    83.14217016       -0.00007717780629    0.00042307472533    0.00043005655093
    83.20799135        0.00036979321464    0.00013962188167    0.00039527369181
    83.27381255        0.00018763997507   -0.00031082242415    0.00036306933167
    83.33963374       -0.00024906871479   -0.00022145065332    0.00033328008723
    83.40545494       -0.00024175632121    0.00018718118379    0.00030574975783
    83.47127613        0.00012748473248    0.00024966419574    0.00028032939134
    83.53709733        0.00024660044515   -0.00007193165107    0.00025687728972
    83.60291853       -0.00002207183639   -0.00023422129113    0.00023525896195
    83.66873972       -0.00021432467519   -0.00002095895388    0.00021534703189
    83.73456092       -0.00005643404329    0.00018876576926    0.00019702110772
    83.80038211        0.00015937918633    0.00008401574850    0.00018016761927
    83.86620331        0.00010372246391   -0.00012791024443    0.00016467962883
    83.93202450       -0.00009595708066   -0.00011588543209    0.00015045662066
    83.99784570       -0.00012109789876    0.00006492482843    0.00013740427370
    84.06366690        0.00003599248519    0.00012015941482    0.00012543422165
    84.12948809        0.00011401799507   -0.00001009253421    0.00011446380409
    84.19530929        0.00001209713673   -0.00010371268497    0.00010441581174
    84.26113048       -0.00009031883783   -0.00003014993594    0.00009521822885
    84.32695168       -0.00004387718729    0.00007489808072    0.00008680397491
    84.39277287        0.00005845456956    0.00005330626534    0.00007911064800
    84.45859407        0.00005865204830   -0.00004189872015    0.00007208027136
    84.52441527       -0.00002601917375   -0.00006028360275    0.00006565904479
    84.59023646       -0.00005868803470    0.00001146333264    0.00005979710204
    84.65605766       -0.00000127360054    0.00005443337779    0.00005444827523
    84.72187885        0.00004813224972    0.00001185150852    0.00004956986703
    84.78770005        0.00002008091180   -0.00004040780601    0.00004512243129
    84.85352124       -0.00003186326769   -0.00002591218122    0.00004106956250
    84.91934244       -0.00002941958961    0.00002305601416    0.00003737769445
    84.98516364        0.00001447692738    0.00003078149741    0.00003401590818
    85.05098483        0.00003025801408   -0.00000653536584    0.00003095574943
    85.11680603        0.00000045015063   -0.00002816745874    0.00002817105549
    85.18262722       -0.00002486286565   -0.00000625573791    0.00002563779135
    85.24844842       -0.00001075085876    0.00002070965228    0.00002333389513
    85.31426961        0.00001606539846    0.00001389257778    0.00002123913240
    85.38009081        0.00001571613890   -0.00001126248776    0.00001933495934
    85.44591201       -0.00000659414653   -0.00001632274271    0.00001760439428
    85.51173320       -0.00001586544742    0.00000230419536    0.00001603189752
    85.57755440       -0.00000141938800    0.00001453411526    0.00001460325884
    85.64337559        0.00001254027870    0.00000444719522    0.00001330549267
    85.70919679        0.00000670768109   -0.00001010271471    0.00001212674029
    85.77501798       -0.00000743439826   -0.00000818344764    0.00001105617894
    85.84083918       -0.00000890505295    0.00000473136592    0.00001008393730
    85.90666038        0.00000216386674    0.00000894295238    0.00000920101715
    85.97248157        0.00000839821489    0.00000012998114    0.00000839922071
    86.03830277        0.00000204796476   -0.00000739265596    0.00000767108348
    86.10412396       -0.00000605899374   -0.00000352506187    0.00000700981215
    86.16994516       -0.00000453244432    0.00000453157178    0.00000640922728
    86.23576635        0.00000293810477    0.00000507450888    0.00000586371043
    86.30158755        0.00000518432228   -0.00000139280158    0.00000536815552
    86.36740875        0.00000000889338   -0.00000491791602    0.00000491792406
    86.43322994       -0.00000434788696   -0.00000119381423    0.00000450880399
    86.49905114       -0.00000211282852    0.00000355675301    0.00000413697188
    86.56487233        0.00000263048262    0.00000274092055    0.00000379895832
    86.63069353        0.00000307577857   -0.00000165256454    0.00000349161615
    86.69651472       -0.00000069891690   -0.00000313513099    0.00000321209140
    86.76233592       -0.00000295312667   -0.00000016614419    0.00000295779665
    86.82815712       -0.00000089274080    0.00000257608208    0.00000272638680
    86.89397831        0.00000205792507    0.00000144702324    0.00000251573684
    86.95979951        0.00000181154329   -0.00000145565188    0.00000232392157
    87.02562070       -0.00000082508295   -0.00000198451171    0.00000214919719
    87.09144190       -0.00000197810020    0.00000021715817    0.00000198998444
    87.15726309       -0.00000032504386    0.00000181599288    0.00000184485329
    87.22308429        0.00000153042035    0.00000076844034    0.00000171250898
    87.28890548        0.00000109117483   -0.00000115892153    0.00000159177939
    87.35472668       -0.00000074107361   -0.00000128294928    0.00000148160351
    87.42054788       -0.00000134452010    0.00000031541165    0.00000138102093
    87.48636907       -0.00000008327214    0.00000128647018    0.00000128916243
    87.55219027        0.00000112740626    0.00000042610058    0.00000120524130
    87.61801146        0.00000069165344   -0.00000089175705    0.00000112854557
    87.68383266       -0.00000060735926   -0.00000086682800    0.00000105843094
    87.74965385       -0.00000094701677    0.00000030301849    0.00000099431432
    87.81547505        0.00000000621843    0.00000093564746    0.00000093566812
    87.88129625        0.00000084317019    0.00000025887129    0.00000088201491
    87.94711744        0.00000047297019   -0.00000068560886    0.00000083292275
    88.01293864       -0.00000048281493   -0.00000062276407    0.00000078800085
    88.07875983       -0.00000070144385    0.00000025657308    0.00000074689572
    88.14458103        0.00000002870824    0.00000070870644    0.00000070928766
    88.21040222        0.00000065025602    0.00000018066660    0.00000067488763
    88.27622342        0.00000035464160   -0.00000053687718    0.00000064343436
    88.34204462       -0.00000038317798   -0.00000048064611    0.00000061469183
    88.40786581       -0.00000055116692    0.00000020611843    0.00000058844693
    88.47368701        0.00000002344937    0.00000056402013    0.00000056450738
    88.53950820        0.00000052218210    0.00000014781413    0.00000054269988
    88.60532940        0.00000029276954   -0.00000043321751    0.00000052286845
    88.67115059       -0.00000030837011   -0.00000039975554    0.00000050487287
    88.73697179       -0.00000046115767    0.00000016140400    0.00000048858740
    88.80279299        0.00000000729794    0.00000047384333    0.00000047389953
    88.86861418        0.00000043920887    0.00000013909819    0.00000046070895
    88.93443538        0.00000026433710   -0.00000036285119    0.00000044892659
    89.00025657       -0.00000025390471   -0.00000035747959    0.00000043847379
    89.06607777       -0.00000041094976    0.00000012410857    0.00000042928154
    89.13189896       -0.00000001331235    0.00000042107953    0.00000042128991
    89.19772016        0.00000038830803    0.00000014485696    0.00000041444742
    89.26354136        0.00000025794795   -0.00000031702877    0.00000040871064
    89.32936255       -0.00000021510515   -0.00000034202506    0.00000040404377
    89.39518375       -0.00000038944467    0.00000009310041    0.00000040041833
    89.46100494       -0.00000003671029    0.00000039611550    0.00000039781293
    89.52682614        0.00000036182161    0.00000016146191    0.00000039621311
    89.59264733        0.00000026886190   -0.00000029020937    0.00000039561117
    89.65846853       -0.00000018844143   -0.00000034829695    0.00000039600624
    89.72428973       -0.00000039179275    0.00000006654729    0.00000039740421
    89.79011092       -0.00000006347580    0.00000039474696    0.00000039981789
    89.85593212        0.00000035637382    0.00000018873819    0.00000040326716
    89.92175331        0.00000029662114   -0.00000027982100    0.00000040777922
    89.98757451       -0.00000017194539   -0.00000037593239    0.00000041338889
    90.05339570       -0.00000041795727    0.00000004276137    0.00000042013904
    90.11921690       -0.00000009539834    0.00000041731587    0.00000042808104
    90.18503810        0.00000037255029    0.00000022894551    0.00000043727539
    90.25085929        0.00000034423979   -0.00000028638600    0.00000044779233
    90.31668049       -0.00000016563607   -0.00000042883619    0.00000045971272
    90.38250168       -0.00000047267388    0.00000002074444    0.00000047312887
    90.44832288       -0.00000013500664    0.00000046910486    0.00000048814564
    90.51414407        0.00000041567029    0.00000028657225    0.00000050488162
    90.57996527        0.00000041842611   -0.00000031454875    0.00000052347046
    90.64578647       -0.00000017262383   -0.00000051595056    0.00000054406246
    90.71160766       -0.00000056682511    0.00000000114619    0.00000056682627
    90.77742886       -0.00000018500378    0.00000056229832    0.00000059195084
    90.84325005        0.00000049823099    0.00000036841438    0.00000061964770
    90.90907125        0.00000053053350   -0.00000037581064    0.00000065015339
    90.97489244       -0.00000020185747   -0.00000065325600    0.00000068373229
    91.04071364       -0.00000072059073   -0.00000001133090    0.00000072067981
    91.10653483       -0.00000024661586    0.00000072027614    0.00000076132589
    91.17235603        0.00000064520935    0.00000048311881    0.00000080603902
    91.23817723        0.00000069773349   -0.00000049455793    0.00000085523071
    91.30399842       -0.00000027443939   -0.00000086695997    0.00000090936053
    91.36981962       -0.00000096893980   -0.00000000192243    0.00000096894171
    91.43564081       -0.00000031462158    0.00000098554645    0.00000103454751
    91.50146201        0.00000090436953    0.00000063809280    0.00000110681826
    91.56728320        0.00000094270679   -0.00000072042585    0.00000118646934
    91.63310440       -0.00000043743661   -0.00000119686666    0.00000127430004
    91.69892560       -0.00000136949000    0.00000006852846    0.00000137120349
    91.76474679       -0.00000036375363    0.00000143272222    0.00000147817782
    91.83056799        0.00000136469503    0.00000082819340    0.00000159633858
    91.89638918        0.00000128643248   -0.00000115212311    0.00000172693260
    91.96221038       -0.00000079252368   -0.00000169524931    0.00000187135352
    92.02803157       -0.00000200949748    0.00000029584984    0.00000203115909
    92.09385277       -0.00000031465058    0.00000218555671    0.00000220809038
    92.15967397        0.00000218509790    0.00000100250271    0.00000240409328
    92.22549516        0.00000171910127   -0.00000197892054    0.00000262134234
    92.29131636       -0.00000155059011   -0.00000240587701    0.00000286226726
    92.35713755       -0.00000299750363    0.00000089958750    0.00000312958235
    92.42295875        0.00000004368478    0.00000342604059    0.00000342631909
    92.48877994        0.00000362583179    0.00000097971706    0.00000375586231
    92.55460114        0.00000211351186   -0.00000353890795    0.00000412199003
    92.62042234       -0.00000312057878   -0.00000328223748    0.00000452891762
    92.68624353       -0.00000439493819    0.00000234485172    0.00000498134633
    92.75206473        0.00000120928382    0.00000534953802    0.00000548451678
    92.81788592        0.00000603862410    0.00000026113530    0.00000604426775
    92.88370712        0.00000201145642   -0.00000635643555    0.00000666710056
    92.94952831       -0.00000620675227   -0.00000395594500    0.00000736024963
    93.01534951       -0.00000597923541    0.00000551128453    0.00000813175954
    93.08117071        0.00000421808504    0.00000793965295    0.00000899056897
    93.14699190        0.00000967477897   -0.00000230944679    0.00000994660206
    93.21281310        0.00000019128353   -0.00001100920582    0.00001101086746
    93.27863429       -0.00001176428898   -0.00000321454891    0.00001219556559
    93.34445549       -0.00000664162474    0.00001176955986    0.00001351420432
    93.41027668        0.00001087532378    0.00001030433761    0.00001498172356
    93.47609788        0.00001398783761   -0.00000896584018    0.00001661462883
    93.54191908       -0.00000597237516   -0.00001743666945    0.00001843113417
    93.60774027       -0.00002036422754    0.00000188533840    0.00002045131448
    93.67356147       -0.00000323532697    0.00002246549801    0.00002269726727
    93.73938266        0.00002343279442    0.00000925233447    0.00002519328377
    93.80520386        0.00001594661415   -0.00002297399155    0.00002796602922
    93.87102505       -0.00002083256594   -0.00002301694107    0.00003104473192
    93.93684625       -0.00003008419374    0.00001680857041    0.00003446138059
    94.00266745        0.00001077951643    0.00003670062146    0.00003825092927
    94.06848864        0.00004236427840   -0.00000272002193    0.00004245150885
    94.13430984        0.00000728098758   -0.00004653852935    0.00004710464408
    94.20013103       -0.00004867625767   -0.00001900675077    0.00005225547469
    94.26595223       -0.00003210399526    0.00004824812173    0.00005795297889
    94.33177342        0.00004477392527    0.00004608018523    0.00006425019732
    94.39759462        0.00006030758634   -0.00003785590415    0.00007120445526
    94.46341582       -0.00002721250073   -0.00007403480600    0.00007887758044
    94.52923701       -0.00008640617389    0.00001271101289    0.00008733611358
    94.59505821       -0.00000560262071    0.00009648898768    0.00009665150853
    94.66087940        0.00010330827441    0.00002747869199    0.00010690031841
    94.72670060        0.00005244501902   -0.00010588832257    0.00011816436382
    94.79252179       -0.00010329984143   -0.00007979632312    0.00013053087919
    94.85834299       -0.00010859314663    0.00009471122032    0.00014409263253
    94.92416418        0.00007944201028    0.00013767148651    0.00015894801413
    94.98998538        0.00016566395419   -0.00005701645278    0.00017520108906
    95.05580658       -0.00002721465325   -0.00019103283752    0.00019296160852
    95.12162777       -0.00021211494823   -0.00000988114347    0.00021234497465
    95.18744897       -0.00005384775917    0.00022717760730    0.00023347215343
    95.25327016        0.00023448456977    0.00010389228375    0.00025646953052
    95.31909136        0.00015883560126   -0.00023237014291    0.00028146870437
    95.38491255       -0.00021931923244   -0.00021711026755    0.00030860621185
    95.45073375       -0.00027677435213    0.00019405058336    0.00033802318101
    95.51655495        0.00015560009081    0.00033554233855    0.00036986490671
    95.58237614        0.00039083356964   -0.00010340076375    0.00040428034468
    95.64819734       -0.00003735575004   -0.00043983804576    0.00044142152028
    95.71401853       -0.00047959865877   -0.00004209920794    0.00048144284895
    95.77983973       -0.00013394741189    0.00050710819820    0.00052450036591
    95.84566092        0.00051941872987    0.00023656020624    0.00057075086344
    95.91148212        0.00034768619279   -0.00051376024962    0.00062035093515
    95.97730332       -0.00048766488969   -0.00046446296039    0.00067345592744
    96.04312451       -0.00058345293948    0.00043909243075    0.00073021879963
    96.10894571        0.00036655247768    0.00070070418714    0.00079078889520
    96.17476690        0.00081183601477   -0.00026921841589    0.00085531062798
    96.24058810       -0.00014702819696   -0.00091214841687    0.00092392208822
    96.30640929       -0.00099675327975    0.00000076712084    0.00099675357495
    96.37223049       -0.00016787190535    0.00106072438014    0.00107392606227
    96.43805169        0.00109926226395    0.00035625464621    0.00115554960858
    96.50387288        0.00056080167734   -0.00110786926411    0.00124172171909
    96.56969408       -0.00108252920945   -0.00077701684709    0.00133252567329
    96.63551527       -0.00099954951542    0.00101988583013    0.00142802883034
    96.70133647        0.00091741350684    0.00122229090125    0.00152828092634
    96.76715766        0.00143850366679   -0.00077357386724    0.00163331237902
    96.83297886       -0.00058795181842   -0.00164098262497    0.00174313261579
    96.89880006       -0.00182224322037    0.00036136492949    0.00185772844260
    96.96462125        0.00009594064276    0.00197473325006    0.00197706247140
    97.03044245        0.00209106220583    0.00020484341362    0.00210107162486
    97.09626364        0.00053615973160   -0.00216424167837    0.00222966573732
    97.16208484       -0.00218792950806   -0.00089187437534    0.00236272627141
    97.22790603       -0.00126463476501    0.00215666983334    0.00250010516957
    97.29372723        0.00206612090452    0.00164600152649    0.00264162385993
    97.35954843        0.00202662263064   -0.00191326252085    0.00278707243550
    97.42536962       -0.00169657522286   -0.00239644652601    0.00293620902506
    97.49119082       -0.00274496949608    0.00141618393314    0.00308875937342
    97.55701201        0.00107395957768    0.00306151109917    0.00324441664784
    97.62283321        0.00333551033036   -0.00067357331796    0.00340284148597
    97.68865440       -0.00022049935226   -0.00355683412866    0.00356366229925
    97.75447560       -0.00371608908256   -0.00027803623625    0.00372647584431
    97.82029680       -0.00081316144283    0.00380492669973    0.00389084807239
    97.88611799        0.00381633242740    0.00137451821952    0.00405631526539
    97.95193919        0.00195047358428   -0.00374488875735    0.00422238546416
    98.01776038       -0.00358700322636   -0.00252837751818    0.00438854019241
    98.08358158       -0.00309486153978    0.00334109292556    0.00455423647691
    98.14940277        0.00300771823953    0.00363617032957    0.00471890916145
    98.21522397        0.00413851746866   -0.00258965992090    0.00488197350917
    98.28104517       -0.00209193522653   -0.00458845530646    0.00504282808466
    98.34686636       -0.00497324822389    0.00152175064898    0.00520085790367
    98.41268756        0.00088839071306    0.00528123814536    0.00535543783523
    98.47850875        0.00550219109591   -0.00020304431049    0.00550593623718
    98.54432995        0.00052142795276   -0.00562761390980    0.00565171880295
    98.61015114       -0.00565103086974   -0.00127077998853    0.00579215259381
    98.67597234       -0.00202971283251    0.00556821107792    0.00592661022767
    98.74179353        0.00537733870074    0.00278224482049    0.00605447419217
    98.80761473        0.00351210918948   -0.00507911985090    0.00617514124686
    98.87343593       -0.00467682172185   -0.00420316792208    0.00628802687647
    98.93925712       -0.00483982996243    0.00417624161230    0.00639256975477
    99.00507832        0.00358560560695    0.00540746161453    0.00648823617644
    99.07089951        0.00589277700545   -0.00291539884332    0.00657452441258
    99.13672071       -0.00217813142260   -0.00628419695762    0.00665096894417
    99.20254190       -0.00657216545627    0.00138804604172    0.00671714452714
    99.26836310        0.00056077526795    0.00674941409329    0.00677267004244
    99.33418430        0.00681116638241    0.00028704201820    0.00681721208479
    99.40000549        0.00113817417539   -0.00675527562299    0.00685048824509
    99.46582669       -0.00658229198335   -0.00197522854067    0.00687227004285
    99.53164788       -0.00278108894852    0.00629545661457    0.00688238546766
    99.59746908        0.00590062282130    0.00353934641720    0.00688072109159
    99.66329027        0.00423471058597   -0.00540610653345    0.00686722371835
    99.72911147       -0.00482247046935   -0.00485339007774    0.00684190153938
    99.79493267       -0.00538343092786    0.00416224838547    0.00680482477199
    99.86075386        0.00343961760349    0.00581500352851    0.00675612576073
    99.92657506        0.00614063014516   -0.00267002953507    0.00669599852880
    99.99239625       -0.00186980913728   -0.00635534691247    0.00662469777331
   100.00000000       -0.00289707864075   -0.00594770092410    0.00661575475159
