{"number of modes": 6, "number of surfaces": 5, "energies": [[17.829673, 0.0, 0.0, 0.0, 0.0], [0.0, 14.513676, 0.0, 0.0, 0.0], [0.0, 0.0, 11.557498, 0.0, 0.0], [0.0, 0.0, 0.0, 16.476319, 0.0], [0.0, 0.0, 0.0, 0.0, 10.632193]], "frequencies": [0.053548, 0.11753, 0.180869, 0.4777, 0.16902, 0.477451], "electronic transition dipole moments": [["(0.1+0j)", "(0.1+0j)", "(0.1+0j)", "(0.1+0j)", "(0.1+0j)"]], "magnetic transition dipole moments": [["(0.1+0j)", "(0.1+0j)", "(0.1+0j)", "(0.1+0j)", "(0.1+0j)"]], "linear couplings": [[[0.399922, 0.3987, -0.484557, 0.0, 0.0], [0.3987, 0.222893, 0.019443, 0.0, 0.0], [-0.484557, 0.019443, -0.63703, 0.0, 0.0], [0.0, 0.0, 0.0, -0.393286, 0.266737], [0.0, 0.0, 0.0, 0.266737, 0.557756]], [[0.480567, -0.083307, -0.075574, 0.0, 0.0], [-0.083307, 0.209382, -0.23665, 0.0, 0.0], [-0.075574, -0.23665, -0.110022, 0.0, 0.0], [0.0, 0.0, 0.0, 0.221524, -0.203046], [0.0, 0.0, 0.0, -0.203046, -0.206328]], [[-0.3759, 0.200398, -0.33286, 0.0, 0.0], [0.200398, 0.241924, 0.257595, 0.0, 0.0], [-0.33286, 0.257595, 0.12073, 0.0, 0.0], [0.0, 0.0, 0.0, 0.342244, 0.026538], [0.0, 0.0, 0.0, 0.026538, 0.033093]], [[-0.51148, -0.043869, -0.140213, 0.0, 0.0], [-0.043869, -0.174527, 0.004148, 0.0, 0.0], [-0.140213, 0.004148, -0.233418, 0.0, 0.0], [0.0, 0.0, 0.0, -0.258469, -0.030203], [0.0, 0.0, 0.0, -0.030203, -0.227572]], [[0.0, 0.0, 0.0, 0.062708, 0.540841], [0.0, 0.0, 0.0, -0.322462, -0.36136], [0.0, 0.0, 0.0, -0.098217, -0.037893], [0.062708, -0.322462, -0.098217, 0.0, 0.0], [0.540841, -0.36136, -0.037893, 0.0, 0.0]], [[0.0, 0.0, 0.0, -0.24331, -0.012577], [0.0, 0.0, 0.0, -0.024901, -0.027122], [0.0, 0.0, 0.0, -0.171281, 0.038621], [-0.24331, -0.024901, -0.171281, 0.0, 0.0], [-0.012577, -0.027122, 0.038621, 0.0, 0.0]]], "quadratic couplings": [[[[-0.244296, -0.042235, -0.126893, 0.0, 0.0], [-0.042235, -0.040189, -0.053169, 0.0, 0.0], [-0.126893, -0.053169, -0.023151, 0.0, 0.0], [0.0, 0.0, 0.0, -0.144753, -0.050863], [0.0, 0.0, 0.0, -0.050863, 0.015499]], [[0.052972, 0.008564, 0.009984, 0.0, 0.0], [0.008564, -0.013802, 0.015214, 0.0, 0.0], [0.009984, 0.015214, -0.029938, 0.0, 0.0], [0.0, 0.0, 0.0, 0.015489, -0.037673], [0.0, 0.0, 0.0, -0.037673, 0.033027]], [[-0.013126, 0.015367, -0.024113, 0.0, 0.0], [0.015367, 0.032742, -0.004699, 0.0, 0.0], [-0.024113, -0.004699, 0.017596, 0.0, 0.0], [0.0, 0.0, 0.0, -0.032648, 0.011933], [0.0, 0.0, 0.0, 0.011933, -0.005328]], [[-0.025881, -0.04894, 0.074127, 0.0, 0.0], [-0.04894, -0.019109, -0.011348, 0.0, 0.0], [0.074127, -0.011348, 0.074298, 0.0, 0.0], [0.0, 0.0, 0.0, 0.033171, -0.023199], [0.0, 0.0, 0.0, -0.023199, -0.047889]], [[0.0, 0.0, 0.0, 0.0, 0.0], [0.0, 0.0, 0.0, 0.0, 0.0], [0.0, 0.0, 0.0, 0.0, 0.0], [0.0, 0.0, 0.0, 0.0, 0.0], [0.0, 0.0, 0.0, 0.0, 0.0]], [[0.0, 0.0, 0.0, 0.0, 0.0], [0.0, 0.0, 0.0, 0.0, 0.0], [0.0, 0.0, 0.0, 0.0, 0.0], [0.0, 0.0, 0.0, 0.0, 0.0], [0.0, 0.0, 0.0, 0.0, 0.0]]], [[[0.052972, 0.008564, 0.009984, 0.0, 0.0], [0.008564, -0.013802, 0.015214, 0.0, 0.0], [0.009984, 0.015214, -0.029938, 0.0, 0.0], [0.0, 0.0, 0.0, 0.015489, -0.037673], [0.0, 0.0, 0.0, -0.037673, 0.033027]], [[0.016696, -0.000404, -0.007743, 0.0, 0.0], [-0.000404, 0.021383, -0.018055, 0.0, 0.0], [-0.007743, -0.018055, -0.008464, 0.0, 0.0], [0.0, 0.0, 0.0, 0.015922, -0.014926], [0.0, 0.0, 0.0, -0.014926, -0.019265]], [[0.018328, 0.012092, -0.035131, 0.0, 0.0], [0.012092, 0.010412, 0.020311, 0.0, 0.0], [-0.035131, 0.020311, -0.000231, 0.0, 0.0], [0.0, 0.0, 0.0, 0.037326, 0.01178], [0.0, 0.0, 0.0, 0.01178, 0.008601]], [[-0.03714, 0.009175, -0.01832, 0.0, 0.0], [0.009175, 0.00802, 0.009307, 0.0, 0.0], [-0.01832, 0.009307, -0.000556, 0.0, 0.0], [0.0, 0.0, 0.0, 0.014666, 0.004366], [0.0, 0.0, 0.0, 0.004366, 0.001643]], [[0.0, 0.0, 0.0, 0.0, 0.0], [0.0, 0.0, 0.0, 0.0, 0.0], [0.0, 0.0, 0.0, 0.0, 0.0], [0.0, 0.0, 0.0, 0.0, 0.0], [0.0, 0.0, 0.0, 0.0, 0.0]], [[0.0, 0.0, 0.0, 0.0, 0.0], [0.0, 0.0, 0.0, 0.0, 0.0], [0.0, 0.0, 0.0, 0.0, 0.0], [0.0, 0.0, 0.0, 0.0, 0.0], [0.0, 0.0, 0.0, 0.0, 0.0]]], [[[-0.013126, 0.015367, -0.024113, 0.0, 0.0], [0.015367, 0.032742, -0.004699, 0.0, 0.0], [-0.024113, -0.004699, 0.017596, 0.0, 0.0], [0.0, 0.0, 0.0, -0.032648, 0.011933], [0.0, 0.0, 0.0, 0.011933, -0.005328]], [[0.018328, 0.012092, -0.035131, 0.0, 0.0], [0.012092, 0.010412, 0.020311, 0.0, 0.0], [-0.035131, 0.020311, -0.000231, 0.0, 0.0], [0.0, 0.0, 0.0, 0.037326, 0.01178], [0.0, 0.0, 0.0, 0.01178, 0.008601]], [[-0.07617, 0.002459, -0.004795, 0.0, 0.0], [0.002459, -0.014837, -0.002769, 0.0, 0.0], [-0.004795, -0.002769, -0.002716, 0.0, 0.0], [0.0, 0.0, 0.0, -0.025833, -0.01604], [0.0, 0.0, 0.0, -0.01604, -0.021724]], [[0.04954, -0.019559, 0.020945, 0.0, 0.0], [-0.019559, -0.022169, -0.015896, 0.0, 0.0], [0.020945, -0.015896, -0.006952, 0.0, 0.0], [0.0, 0.0, 0.0, -0.028703, -0.00535], [0.0, 0.0, 0.0, -0.00535, -0.00718]], [[0.0, 0.0, 0.0, 0.0, 0.0], [0.0, 0.0, 0.0, 0.0, 0.0], [0.0, 0.0, 0.0, 0.0, 0.0], [0.0, 0.0, 0.0, 0.0, 0.0], [0.0, 0.0, 0.0, 0.0, 0.0]], [[0.0, 0.0, 0.0, 0.0, 0.0], [0.0, 0.0, 0.0, 0.0, 0.0], [0.0, 0.0, 0.0, 0.0, 0.0], [0.0, 0.0, 0.0, 0.0, 0.0], [0.0, 0.0, 0.0, 0.0, 0.0]]], [[[-0.025881, -0.04894, 0.074127, 0.0, 0.0], [-0.04894, -0.019109, -0.011348, 0.0, 0.0], [0.074127, -0.011348, 0.074298, 0.0, 0.0], [0.0, 0.0, 0.0, 0.033171, -0.023199], [0.0, 0.0, 0.0, -0.023199, -0.047889]], [[-0.03714, 0.009175, -0.01832, 0.0, 0.0], [0.009175, 0.00802, 0.009307, 0.0, 0.0], [-0.01832, 0.009307, -0.000556, 0.0, 0.0], [0.0, 0.0, 0.0, 0.014666, 0.004366], [0.0, 0.0, 0.0, 0.004366, 0.001643]], [[0.04954, -0.019559, 0.020945, 0.0, 0.0], [-0.019559, -0.022169, -0.015896, 0.0, 0.0], [0.020945, -0.015896, -0.006952, 0.0, 0.0], [0.0, 0.0, 0.0, -0.028703, -0.00535], [0.0, 0.0, 0.0, -0.00535, -0.00718]], [[0.014886, 0.002115, 0.004088, 0.0, 0.0], [0.002115, 0.004973, 0.001586, 0.0, 0.0], [0.004088, 0.001586, 0.008817, 0.0, 0.0], [0.0, 0.0, 0.0, -0.001698, -0.003282], [0.0, 0.0, 0.0, -0.003282, 0.007024]], [[0.0, 0.0, 0.0, 0.0, 0.0], [0.0, 0.0, 0.0, 0.0, 0.0], [0.0, 0.0, 0.0, 0.0, 0.0], [0.0, 0.0, 0.0, 0.0, 0.0], [0.0, 0.0, 0.0, 0.0, 0.0]], [[0.0, 0.0, 0.0, 0.0, 0.0], [0.0, 0.0, 0.0, 0.0, 0.0], [0.0, 0.0, 0.0, 0.0, 0.0], [0.0, 0.0, 0.0, 0.0, 0.0], [0.0, 0.0, 0.0, 0.0, 0.0]]], [[[0.0, 0.0, 0.0, 0.0, 0.0], [0.0, 0.0, 0.0, 0.0, 0.0], [0.0, 0.0, 0.0, 0.0, 0.0], [0.0, 0.0, 0.0, 0.0, 0.0], [0.0, 0.0, 0.0, 0.0, 0.0]], [[0.0, 0.0, 0.0, 0.0, 0.0], [0.0, 0.0, 0.0, 0.0, 0.0], [0.0, 0.0, 0.0, 0.0, 0.0], [0.0, 0.0, 0.0, 0.0, 0.0], [0.0, 0.0, 0.0, 0.0, 0.0]], [[0.0, 0.0, 0.0, 0.0, 0.0], [0.0, 0.0, 0.0, 0.0, 0.0], [0.0, 0.0, 0.0, 0.0, 0.0], [0.0, 0.0, 0.0, 0.0, 0.0], [0.0, 0.0, 0.0, 0.0, 0.0]], [[0.0, 0.0, 0.0, 0.0, 0.0], [0.0, 0.0, 0.0, 0.0, 0.0], [0.0, 0.0, 0.0, 0.0, 0.0], [0.0, 0.0, 0.0, 0.0, 0.0], [0.0, 0.0, 0.0, 0.0, 0.0]], [[-0.112026, 0.019266, -0.026721, 0.0, 0.0], [0.019266, -0.017928, -0.01657, 0.0, 0.0], [-0.026721, -0.01657, -0.023381, 0.0, 0.0], [0.0, 0.0, 0.0, -0.014699, 0.014313], [0.0, 0.0, 0.0, 0.014313, 0.046331]], [[-0.023657, 0.030327, -0.014703, 0.0, 0.0], [0.030327, 0.017523, 0.029839, 0.0, 0.0], [-0.014703, 0.029839, 0.024636, 0.0, 0.0], [0.0, 0.0, 0.0, 0.014152, -0.013077], [0.0, 0.0, 0.0, -0.013077, 0.007291]]], [[[0.0, 0.0, 0.0, 0.0, 0.0], [0.0, 0.0, 0.0, 0.0, 0.0], [0.0, 0.0, 0.0, 0.0, 0.0], [0.0, 0.0, 0.0, 0.0, 0.0], [0.0, 0.0, 0.0, 0.0, 0.0]], [[0.0, 0.0, 0.0, 0.0, 0.0], [0.0, 0.0, 0.0, 0.0, 0.0], [0.0, 0.0, 0.0, 0.0, 0.0], [0.0, 0.0, 0.0, 0.0, 0.0], [0.0, 0.0, 0.0, 0.0, 0.0]], [[0.0, 0.0, 0.0, 0.0, 0.0], [0.0, 0.0, 0.0, 0.0, 0.0], [0.0, 0.0, 0.0, 0.0, 0.0], [0.0, 0.0, 0.0, 0.0, 0.0], [0.0, 0.0, 0.0, 0.0, 0.0]], [[0.0, 0.0, 0.0, 0.0, 0.0], [0.0, 0.0, 0.0, 0.0, 0.0], [0.0, 0.0, 0.0, 0.0, 0.0], [0.0, 0.0, 0.0, 0.0, 0.0], [0.0, 0.0, 0.0, 0.0, 0.0]], [[-0.023657, 0.030327, -0.014703, 0.0, 0.0], [0.030327, 0.017523, 0.029839, 0.0, 0.0], [-0.014703, 0.029839, 0.024636, 0.0, 0.0], [0.0, 0.0, 0.0, 0.014152, -0.013077], [0.0, 0.0, 0.0, -0.013077, 0.007291]], [[-0.013311, -0.001916, -0.004735, 0.0, 0.0], [-0.001916, 0.002488, 