{"number of modes": 6, "number of surfaces": 3, "energies": [[15.526843, 0.0, 0.0], [0.0, 9.746612, 0.0], [0.0, 0.0, 15.526843]], "frequencies": [0.136676, 0.43818, 0.213508, 0.213508, 0.453178, 0.453178], "electronic transition dipole moments": [["(0.1+0j)", "(0.1+0j)", "(0.1+0j)"]], "magnetic transition dipole moments": [["(0.1+0j)", "(0.1+0j)", "(0.1+0j)"]], "linear couplings": [[[0.330653, 0.0, 0.0], [0.0, -0.501301, 0.0], [0.0, 0.0, 0.330653]], [[0.573074, 0.0, 0.0], [0.0, 0.154145, 0.0], [0.0, 0.0, 0.573074]], [[0.588249, -0.252207, 0.0], [-0.252207, 1e-06, 0.0], [0.0, 0.0, -0.588248]], [[0.0, 0.0, -0.588249], [0.0, 0.0, -0.251602], [-0.588249, -0.251602, 0.0]], [[0.332074, 0.108074, 0.0], [0.108074, -4e-06, 0.0], [0.0, 0.0, -0.332083]], [[0.0, 0.0, -0.332078], [0.0, 0.0, 0.107915], [-0.332078, 0.107915, 0.0]]], "quadratic couplings": [[[[-0.093639, 0.0, 0.0], [0.0, 0.033312, 0.0], [0.0, 0.0, -0.093639]], [[0.053161, 0.0, 0.0], [0.0, -0.001574, 0.0], [0.0, 0.0, 0.053161]], [[0.0, 0.0, 0.0], [0.0, 0.0, 0.0], [0.0, 0.0, 0.0]], [[0.0, 0.0, 0.0], [0.0, 0.0, 0.0], [0.0, 0.0, 0.0]], [[0.0, 0.0, 0.0], [0.0, 0.0, 0.0], [0.0, 0.0, 0.0]], [[0.0, 0.0, 0.0], [0.0, 0.0, 0.0], [0.0, 0.0, 0.0]]], [[[0.053161, 0.0, 0.0], [0.0, -0.001574, 0.0], [0.0, 0.0, 0.053161]], [[0.019834, 0.0, 0.0], [0.0, 0.004818, 0.0], [0.0, 0.0, 0.019834]], [[0.0, 0.0, 0.0], [0.0, 0.0, 0.0], [0.0, 0.0, 0.0]], [[0.0, 0.0, 0.0], [0.0, 0.0, 0.0], [0.0, 0.0, 0.0]], [[0.0, 0.0, 0.0], [0.0, 0.0, 0.0], [0.0, 0.0, 0.0]], [[0.0, 0.0, 0.0], [0.0, 0.0, 0.0], [0.0, 0.0, 0.0]]], [[[0.0, 0.0, 0.0], [0.0, 0.0, 0.0], [0.0, 0.0, 0.0]], [[0.0, 0.0, 0.0], [0.0, 0.0, 0.0], [0.0, 0.0, 0.0]], [[-0.022819, 0.00423, 0.0], [0.00423, -0.011813, 0.0], [0.0, 0.0, -0.083188]], [[1.3e-05, -5e-06, 0.060245], [-5e-06, 1.4e-05, -0.008812], [0.060245, -0.008812, -2e-06]], [[0.017315, 0.004186, 0.0], [0.004186, -0.008929, 0.0], [0.0, 0.0, 0.053834]], [[-0.000549, 3.4e-05, -0.018097], [3.4e-05, -0.00055, -0.004063], [-0.018097, -0.004063, -0.000517]]], [[[0.0, 0.0, 0.0], [0.0, 0.0, 0.0], [0.0, 0.0, 0.0]], [[0.0, 0.0, 0.0], [0.0, 0.0, 0.0], [0.0, 0.0, 0.0]], [[1.3e-05, -5e-06, 0.060245], [-5e-06, 1.4e-05, -0.008812], [0.060245, -0.008812, -2e-06]], [[-0.083327, -0.004573, 0.0], [-0.004573, -0.011867, 0.0], [0.0, 0.0, -0.022628]], [[-0.000542, -3.8e-05, -0.018335], [-3.8e-05, -0.00055, -0.004157], [-0.018335, -0.004157, -0.000525]], [[0.053946, -0.004063, 0.0], [-0.004063, -0.008893, 0.0], [0.0, 0.0, 0.017166]]], [[[0.0, 0.0, 0.0], [0.0, 0.0, 0.0], [0.0, 0.0, 0.0]], [[0.0, 0.0, 0.0], [0.0, 0.0, 0.0], [0.0, 0.0, 0.0]], [[0.017315, 0.004186, 0.0], [0.004186, -0.008929, 0.0], [0.0, 0.0, 0.053834]], [[-0.000542, -3.8e-05, -0.018335], [-3.8e-05, -0.00055, -0.004157], [-0.018335, -0.004157, -0.000525]], [[-0.013951, 0.006008, 0.0], [0.006008, 0.002593, 0.0], [0.0, 0.0, 0.010753]], [[-6.4e-05, 2e-06, -0.024607], [2e-06, -6.3e-05, -0.012007], [-0.024607, -0.012007, -6.5e-05]]], [[[0.0, 0.0, 0.0], [0.0, 0.0, 0.0], [0.0, 0.0, 0.0]], [[0.0, 0.0, 0.0], [0.0, 0.0, 0.0], [0.0, 0.0, 0.0]], [[-0.000549, 3.4e-05, -0.018097], [3.4e-05, -0.00055, -0.004063], [-0.018097, -0.004063, -0.000517]], [[0.053946, -0.004063, 0.0], [-0.004063, -0.008893, 0.0], [0.0, 0.0, 0.017166]], [[-6.4e-05, 2e-06, -0.024607], [2e-06, -6.3e-05, -0.012007], [-0.024607, -0.012007, -6.5e-05]], [[0.01085, -0.006017, 0.0], [-0.006017, 0.002587, 0.0], [0.0, 0.0, -0.014042]]]]}