{"number of modes": 3, "number of surfaces": 3, "energies": [[14.051208, 0.0, 0.0], [0.0, 11.78545, 0.0], [0.0, 0.0, 18.28047]], "frequencies": [0.208018, 0.481209, 0.494264], "electronic transition dipole moments": [["(0.1+0j)", "(0.1+0j)", "(0.1+0j)"]], "magnetic transition dipole moments": [["(0.1+0j)", "(0.1+0j)", "(0.1+0j)"]], "linear couplings": [[[0.65015, 0.0, 0.0], [0.0, 0.076394, 0.0], [0.0, 0.0, -0.692915]], [[0.302387, 0.0, 0.0], [0.0, 0.291455, 0.0], [0.0, 0.0, 0.857173]], [[0.0, 0.0, -0.213821], [0.0, 0.0, 0.0], [-0.213821, 0.0, 0.0]]]}